Filename,Tag,Value
image/DSC00663.jpg,Image ImageDescription,                               
image/DSC00663.jpg,Image Make,SONY
image/DSC00663.jpg,Image Model,ILCE-5000
image/DSC00663.jpg,Image Orientation,Horizontal (normal)
image/DSC00663.jpg,Image XResolution,350
image/DSC00663.jpg,Image YResolution,350
image/DSC00663.jpg,Image ResolutionUnit,Pixels/Inch
image/DSC00663.jpg,Image Software,ILCE-5000 v1.10
image/DSC00663.jpg,Image DateTime,2014:01:01 07:05:31
image/DSC00663.jpg,Image YCbCrPositioning,Co-sited
image/DSC00663.jpg,Image ExifOffset,364
image/DSC00663.jpg,Image PrintIM,"[80, 114, 105, 110, 116, 73, 77, 0, 48, 51, 48, 48, 0, 0, 3, 0, 2, 0, 1, 0, ... ]"
image/DSC00663.jpg,Thumbnail Compression,JPEG (old-style)
image/DSC00663.jpg,Thumbnail ImageDescription,                               
image/DSC00663.jpg,Thumbnail Make,SONY
image/DSC00663.jpg,Thumbnail Model,ILCE-5000
image/DSC00663.jpg,Thumbnail Orientation,Horizontal (normal)
image/DSC00663.jpg,Thumbnail XResolution,72
image/DSC00663.jpg,Thumbnail YResolution,72
image/DSC00663.jpg,Thumbnail ResolutionUnit,Pixels/Inch
image/DSC00663.jpg,Thumbnail Software,ILCE-5000 v1.10
image/DSC00663.jpg,Thumbnail DateTime,2014:01:01 07:05:31
image/DSC00663.jpg,Thumbnail JPEGInterchangeFormat,38448
image/DSC00663.jpg,Thumbnail JPEGInterchangeFormatLength,8207
image/DSC00663.jpg,Thumbnail YCbCrPositioning,Co-sited
image/DSC00663.jpg,EXIF ExposureTime,1/50
image/DSC00663.jpg,EXIF FNumber,7/2
image/DSC00663.jpg,EXIF ExposureProgram,Program Normal
image/DSC00663.jpg,EXIF ISOSpeedRatings,3200
image/DSC00663.jpg,EXIF SensitivityType,Recommended Exposure Index
image/DSC00663.jpg,EXIF RecommendedExposureIndex,3200
image/DSC00663.jpg,EXIF ExifVersion,0230
image/DSC00663.jpg,EXIF DateTimeOriginal,2014:01:01 07:05:31
image/DSC00663.jpg,EXIF DateTimeDigitized,2014:01:01 07:05:31
image/DSC00663.jpg,EXIF ComponentsConfiguration,YCbCr
image/DSC00663.jpg,EXIF CompressedBitsPerPixel,1
image/DSC00663.jpg,EXIF BrightnessValue,-829/640
image/DSC00663.jpg,EXIF ExposureBiasValue,0
image/DSC00663.jpg,EXIF MaxApertureValue,463/128
image/DSC00663.jpg,EXIF MeteringMode,Pattern
image/DSC00663.jpg,EXIF LightSource,Unknown
image/DSC00663.jpg,EXIF Flash,"Flash did not fire, auto mode"
image/DSC00663.jpg,EXIF FocalLength,16
image/DSC00663.jpg,EXIF MakerNote,"[83, 79, 78, 89, 32, 68, 83, 67, 32, 0, 0, 0, 94, 0, 3, 16, 4, 0, 16, 0, ... ]"
image/DSC00663.jpg,EXIF UserComment,
image/DSC00663.jpg,EXIF FlashPixVersion,0100
image/DSC00663.jpg,EXIF ColorSpace,sRGB
image/DSC00663.jpg,EXIF ExifImageWidth,5456
image/DSC00663.jpg,EXIF ExifImageLength,3064
image/DSC00663.jpg,Interoperability InteroperabilityIndex,R98
image/DSC00663.jpg,Interoperability InteroperabilityVersion,"[48, 49, 48, 48]"
image/DSC00663.jpg,EXIF InteroperabilityOffset,38156
image/DSC00663.jpg,EXIF FileSource,Digital Camera
image/DSC00663.jpg,EXIF SceneType,Directly Photographed
image/DSC00663.jpg,EXIF CustomRendered,Normal
image/DSC00663.jpg,EXIF ExposureMode,Auto Exposure
image/DSC00663.jpg,EXIF WhiteBalance,Auto
image/DSC00663.jpg,EXIF DigitalZoomRatio,1
image/DSC00663.jpg,EXIF FocalLengthIn35mmFilm,24
image/DSC00663.jpg,EXIF SceneCaptureType,Standard
image/DSC00663.jpg,EXIF Contrast,Normal
image/DSC00663.jpg,EXIF Saturation,Normal
image/DSC00663.jpg,EXIF Sharpness,Normal
image/DSC00663.jpg,EXIF LensSpecification,"[16, 50, 7/2, 28/5]"
image/DSC00663.jpg,EXIF LensModel,E PZ 16-50mm F3.5-5.6 OSS
image/DSC00663.jpg,JPEGThumbnail,"b'\xff\xd8\xff\xdb\x00\x84\x00\x02\x02\x02\x02\x02\x02\x04\x04\x04\x04\x04\x04\x04\x04\x04\x08\x06\x04\x04\x06\x08\n\x08\x06\x06\x06\x08\n\x0e\n\x08\x06\x06\x08\n\x0e\x0e\x0c\n\x08\n\x0c\x0e\x10\x0c\n\n\x0c\x10\x10\x0e\x0e\x0e\x10\x12\x10\x10\x12\x14\x14\x14\x18\x18\x1c\x01\x04\x04\x04\x04\x04\x04\x06\x04\x04\x06\x0c\x06\x04\x06\x0c\x18\x0c\x08\x08\x0c\x18\x1e\x18\x0e\n\x0e\x18\x1e\x1e\x1e\x1a\x12\x12\x1a\x1e\x1e\x1e\x1e\x1e\x1c\x1e\x1e\x1e\x1e\x1e\x1e\x1e\x1e\x1e\x1e\x1e\x1e\x1e\x1e\x1e\x1e\x1e\x1e\x1e\x1e\x1e\x1e\x1e\x1e\xff\xc4\x01\xa2\x00\x00\x01\x05\x01\x01\x01\x01\x01\x01\x00\x00\x00\x00\x00\x00\x00\x00\x01\x02\x03\x04\x05\x06\x07\x08\t\n\x0b\x10\x00\x02\x01\x03\x03\x02\x04\x03\x05\x05\x04\x04\x00\x00\x01}\x01\x02\x03\x00\x04\x11\x05\x12!1A\x06\x13Qa\x07""q\x142\x81\x91\xa1\x08#B\xb1\xc1\x15R\xd1\xf0$3br\x82\t\n\x16\x17\x18\x19\x1a%&\'()*456789:CDEFGHIJSTUVWXYZcdefghijstuvwxyz\x83\x84\x85\x86\x87\x88\x89\x8a\x92\x93\x94\x95\x96\x97\x98\x99\x9a\xa2\xa3\xa4\xa5\xa6\xa7\xa8\xa9\xaa\xb2\xb3\xb4\xb5\xb6\xb7\xb8\xb9\xba\xc2\xc3\xc4\xc5\xc6\xc7\xc8\xc9\xca\xd2\xd3\xd4\xd5\xd6\xd7\xd8\xd9\xda\xe1\xe2\xe3\xe4\xe5\xe6\xe7\xe8\xe9\xea\xf1\xf2\xf3\xf4\xf5\xf6\xf7\xf8\xf9\xfa\x01\x00\x03\x01\x01\x01\x01\x01\x01\x01\x01\x01\x00\x00\x00\x00\x00\x00\x01\x02\x03\x04\x05\x06\x07\x08\t\n\x0b\x11\x00\x02\x01\x02\x04\x04\x03\x04\x07\x05\x04\x04\x00\x01\x02w\x00\x01\x02\x03\x11\x04\x05!1\x06\x12AQ\x07aq\x13""2\x81\x08\x14B\x91\xa1\xb1\xc1\t#3R\xf0\x15br\xd1\n\x16$4\xe1%\xf1\x17\x18\x19\x1a&\'()*56789:CDEFGHIJSTUVWXYZcdefghijstuvwxyz\x82\x83\x84\x85\x86\x87\x88\x89\x8a\x92\x93\x94\x95\x96\x97\x98\x99\x9a\xa2\xa3\xa4\xa5\xa6\xa7\xa8\xa9\xaa\xb2\xb3\xb4\xb5\xb6\xb7\xb8\xb9\xba\xc2\xc3\xc4\xc5\xc6\xc7\xc8\xc9\xca\xd2\xd3\xd4\xd5\xd6\xd7\xd8\xd9\xda\xe2\xe3\xe4\xe5\xe6\xe7\xe8\xe9\xea\xf2\xf3\xf4\xf5\xf6\xf7\xf8\xf9\xfa\xff\xc0\x00\x11\x08\x00x\x00\xa0\x03\x01!\x00\x02\x11\x01\x03\x11\x01\xff\xda\x00\x0c\x03\x01\x00\x02\x11\x03\x11\x00?\x00\xfe\x7f\xe8\xa0\x02\x8a\x00(\xa0\x02\x8a\x00(\xa0\x02\x8a\x00(\xa0\x02\x8a\x00(\xa0\x02\x8a\x00\xb0\xb6\xb7Nx\x8eC\xf4\x06\x97\xecw\x87\'\xca\x93\x8e\xbf)\xe2\xab\x96o\xec\xb2y\xe3\xd5\xa1\xd0X_]\x13\xe5C4\x84u\xda\xa4\xe3>\xb8\xae\xf9~\r\xfc_u\x0c<+\xe2B\xac2\xac,n0A\xee\x0e\xca\x89J0\xb7;\xe5\xbfr\xd2r\xd9\\\x8eo\x84\x1f\x16\xa0B\xf2x_\xc4h\xa3\xab5\x95\xc0\x03\xeaJW\x0e\xbav\xa0\xe4\xe2\t\x8e\x0e\x1b\nN\x0f\xa1\xe2\xa5T\x83\xdaI\x8f\x96]\x89\xa2\xd1u\x9b\x89\x02Git\xee\xc7\n\xab\x1b\x12O\xb0\x02\xac\\\xf8o\xc4vq\xef\x9a\xc2\xf6%\xfe\xf3\xc4\xea?2)\xf3\xc2\xff\x00\x12\xb8r\xcb\xb33\xfe\xc1~\x7f\xe5\x8c\xc7\xfe\x02i\xe7L\xd4\xfa\xfd\x9e\x7f\xfb\xe1\xbf\xc2\x9f2}Eiv\x17\xfb+T?\xf2\xedq\xff\x00|7\xf8T\xc9\xa1\xebr\x9f\x96\xce\xe9\xbdq\x1b\x1f\xe9I\xce=d\x87\xcb.\xc3\xd3\xc3\xde \x96\x7f-lo\x1aB2#\x119b=q\x8c\xe2\x95\xfc9\xe2\x18\xdb\raz\xad\xe8bp\x7f\x95/i\x0f\xe6A\xc9?\xe5c\xd7\xc3>$~\x9a}\xf1\xfaD\xe7\xfaU\xa1\xe0\xaf\x192n\x1aN\xa6W\xfb\xc2\t1\xf9\xed\xa3\xdaS\xfet\x1c\x93\xfeV\'\xfc!\x9e0\xff\x00\xa0N\xa7\xff\x00~$\xff\x00\n_\xf8B\xfcd\x7f\xe6\x13\xa9\xff\x00\xdf\x89?\xf8\x9a=\xad?\xe7C\xf6u?\x95\x81\xf0_\x8c\xbf\xe8\x13\xa9\xff\x00\xdf\x89?\xf8\x9a\x8d\xbc!\xe2\xc5\xeb\xa5\xea#\xeb\x04\x9f\xe1G\xb5\xa7\xfc\xe89\'\xfc\xac\xd2\x81\xa3\x85\x9b\x0cF\x0f\x1e\xa4\xd7Aj\xc3R)\x1a!33c \xe4\x92\x06s\xb7\xd3\x1e\x95\xe8\xc2j)\xad\xeey\xf3\x8brR\xd9\xa2\xac\xf6:\x86\x9bvf\x8b\n\xe3\xef(\xe8\xc3\xb85\xf7g\xec\xdd\xfbJG\xa7$Z6\xb3)\xfb\x16B\xdb\xdc9\xcbZ\x13\xfc\x0c{\xc1\xe8z\xa7\xd3\xa7&.\x8f\xb5\xa6\xf9w\xddz\x9dxz\x96i3\xf4RA\x05\xdc\x1dVH\xe4\\\x829\x04\x1e\x84\x1e\xe0\xfa\xd7\xe6W\xed5\xf0fO\x05kO\xe2\r:""t\xfb\xb9?\xe2c\n\x8e""\x91\x8f\xfa\xe0=\x18\xf5\xf4?Z\xf1)>Y\xdb\xa3;\xde\xab\xd0\xf9\xae\xdaF\x86T\x966\xc1V\x0c\x8e:\x82:\x11]\xef\x8b\xbc]\xa0K\xe1\xc5\xfbK\x90\xf7(A\x8e1\x97W\x1dN=\x8f#=\xab\xa1\xc5\xcaQ\xb2\xd4\\\xc9\'}\x8f\x07\xb5\xd5t\xb7\x93\x0cg\\\x9e\xbcc\xfa\xd7\xa0X\xe9\x06\xf6\x05\x92(o&F\xfb\xac\xb8*~\x84)\xadg\xcd\r^\x89\x91\x06\xa7\xb6\xe6\xe4\x1e\x1d\xbe\xcf\x16\x17\xad\xf5\x07\xfa(\xaf@\xf0\xd7\x86u\x16\x90\x91\xa6\xb8\'\xf8\xa5$/\xea@\xaei\xce\xebsh\xc5\xdfc\xd5 \xf0\x84\xe6-\xd3\xcc\x89\xff\x00L\xa1Q\xf9d`\x0f\xc34\x90\xfc5\xd3n\xa5.b\x95\xf2y\xdc\xc7\x9f\xfb\xe7\x15\x87=\xb64\xb6\x9a\x9d\x8d\x8f\x81\xac\xf4\xf8\xb3\x15\xb4hq\xc1 \xb3g\xd7-\x92?\n\xbe\x9e\x13\x9aS\x97\xc9>\xa6\xb3\x94\xdf\xcc\xa4\x89\xcf\x84q\xfc4\xcf\xf8E\xf6\xf6\xa8\xe7l\xab\x15g\xf0\xee\x01\xf9k\xd9\xfe\x17\xfe\xcf\x9ao\xc4O\x0f\\\xdeMsql\xf1^\x18S`VB\x02+\x12A\x19\xcf\xcd\xeb[\xd0^\xd6\xa7#\xd1\x19V\x9f\xb3\x875\xae\xcf\xc6D\xb5D\'\x82P\x9e\t\xe0\x91\xdb>\x86\xb7\xb4\xd4\xbe\xd2\xefa\xbc\xb3\x92Hf\x89\xf7G26\x19\x18\x7f\x12\x91\xd3\xda\xbe\x9f\x95t<\x17\'\xd7\xa9\xbd\xa8x\xabT\xd6\xa42_[\xdb\xca\xe7\xad\xccj\xb0\xc8H\xec\xe1\x00F\xf7;w\x1fZ\x9e/\rM\xaa\xd9\xdc\xdf\xe9\xc1\xd1\xf4\xebd\x92\xefy\x08\xc0\xbb\xac`\x05?yN\xee?\x88\xf2H\xc0\xad\xa1MJ-=\xde\xc4\xb9\xb8IIl\xb7>\xb0\xf8E\xf1\xc3\xc4_\x0foO\x87\xbcI\x1d\xc5\xaa\xc0\x17\t0""[@\xc02\x9fS\x01\x04\x1c\x7f\x089\x1cW\xd9\xba\xfe\xb1\xa1x\x93\xc2\xd7P\xdcyS\xc5%\xa1\xc8\xe1\x92Dq\x80Gb\x0ek\xe7\xb1\xf4%\x87\xad+\xaeV\xfav}\x8f[\x0fQV\x84\\]\xd3\xeb\xdd\x1f\x92\x9a\xef\x87n<+\xe2\xab\xbd<\x06\x16\xdef\xfbR\xc0\xe0#s\xb01\xeb\x8e\x98\xeb\xde\xae\xf8\x0b\xe0\xe6\xb7\xf1cX\x99\x92C\r\xb2\xc8Q_nY\x8a\xf0v\x8e\xc2\xa2X\x85J\x93\xae\xd5\xdd\xb6\xf37\x85\x17Z\xa2\xa5{+\xee{}\xf7\xec\x03\xf1Nm2K\xad.kk\xc1\x1ce\xcc.|\xb9\x08\x1d\x97<\x12{W\xcc~\x1f\xd6<O\xf0\xf7]\x9bO\xba\x89\xa1q&\xc9\xed\xa7\x04l\x90t8\xe3\x07\xb7\xbd:8\xa8c)\xca6\xb4\xd7AV\xc3\xcb\x0bQ4\xef\x1e\xe7\xb5\xe9\x9f\x13\xd6&\x1eu\x9a?\xa9G#\xf2\x04\x1a\xf4\xdd#\xe2\xaf\x83_\x1e|Wp\x9f]\xaa\xca?\x10s\xfaW4\xe9I\xbd\x19\xaa\x9a\xeaz\xa6\x85\xe2\xff\x00\x86\xfa\xa3(]V\xda6f\xe4M\x98\x80\xfcd\x00~\xb5\xf4\xcf\x85\xbc\x17\xa6kV\x8b%\x9c\xf6\xb7\xe0\x8c\x96\xb5\x969\x80\xfa\x98\xcbT\xaar\xbf\xbc\x85)\x13^\xf8Eb\x9c\xa1B6\x9c\x1c\x8e\xfd\xc5A\xff\x00\x08\xb2\x81\xf7k)-J[\x15e\xf0\xf2\x8f\xe1\xac\xa9\xb45\x19\xf9y\xa8\xb6\xa5\x993\xe8`\xe7\x8a\xf4\xcb\x1f\x16\xc1\xe1?\x87\xd1h\x96\xba\xcahz\xa6\xa7$\xd7)t\xf6\xf2\xcc\xa1\x0ec\x8c\xab\xc6\x1ba/\x1e\xd6%N\x14\x929\x18\xafo \xc3<Vc\x08{?i\x18\xa7)F\xf6\xbaG\x91\x9d\xe2V\x1b\x01)\xb9\xfb7&\xa2\xa5\xbd\x9b?\rM\x8d\xae\xc6\xf2\xd8\xce\x15FH\xce\t\xc0\xc9\xe7\xb1=*x\x0b\xdb\xc6\xa7\x9d\xdb\xfea\xdf\x1e\x84zW\xb7R\x16\x9b\xe5\xfe\x1fIw<\xe87(\xfb\xdaK\xaa\xecj\x9bct\x8c6\x91\x13>Lg$\x0fC\xf5\xfeU\xdeiV\xca\xcd\x1d\x98\x9ah!\xbc\x91\x04\x85@s\xb9O\xee\xd1\x80+\xf2\x8c\xe7\x19\x03\x8f\xa5v\xe1\xa9\xc6I\xf3\xadL*NJ\xd6\xd4\xec~!x3\xc5Z7\x85\x05\x94\xfav\x9e\xe6\xff\x00WH\xb4\xfb\xd7\x03\xed\xd0M\xf3\x166\xd2\x06\xdeae\x04J\x8d\xbe0H8\x0cA\xae\xc7\xc16\xde&\xf0\xce\x97\xf6\x1b\xbb\xb34""E\xf2\x17\x18(G\xde\n\xd9\xe5\x7f\xd9\xc7S^\x1e|\xed8\xc6Is\xb8\xdd\xb4z\xb9O\xbdNRM\xf2\xa9htz\xde\xbf\xa4i\xd6R\xdf^\xdcG\x1d\xbbm\x19)\xca\xb1;U\xcb.Kdc\x808\xc5r\x7f\nu\xaf\x04\xdb|C\xd3`\xb3\xf1-\xb5\xa42N|\xeb\xd8\xe0\xbb@\xa8I$\\#\x82\x85\x7f\xdb\x18 \xf2x\xaf\x9fT\xabN\x12T\xe1\xcd\x07\xbf\xa9\xed*\xb4iIJ\xa4\xf9d\xb6?L|3\xe3O\x1bxC\xc7\x0fa-\xca]i\xb7I\xe6i\xfa\x88\xb42\xd8\xdd#\x1f\x95V\xf6\x16a\x0b\x1c\xfc\xa5\xc0V#\x00\xd7\xe7\x7f\xed\xdb\xe0\x9b\xc9\xbe,\xda\xdeEn\xa9&\xa3\x14*Q1\xb9\xa4f*3\x8f\xe2\xcf\x19\xacpmS\xc5A5f\xd3\xb9\xa6-s\xd1\x94\x93\xbd\xda<\xe6\xe7\xe0F\xa4\xb91H\xe2\xb9\xeb\xbf\x84\x9e0\xb3\x04\xae\\{\x8a\xeb\x8e&2\xdc\xc1\xd3kc\x06_\tx\xc6\xc4\xfc\xf6\xae\xd8\xeb\x80k=\x9fV\xb3l\xc9o2\x10z\x81\xd0\xd6\xbc\xd0\x96\xa9\x93i-\xce\xbbH\xf8\xad\xe3m\x17\x02\xdfW\xd4\xa0\x0b\xd21+\xec\xff\x00\xbeI\xc5z\xa6\x93\xfbP|N\xb1\x00=\xf47j?\x86h\xa3?\x9b(R\x7f:\x89S\x8c\xb5k\xe64\xcfC\xd3\xbfk\xadk\x8f\xb6iV3\xfa\x98]\xe2\'\xfe\xfa\xdf]\xad\x97\xedM\xe0\xab\xb2>\xd5\xa7_\xdb\x93\xd7\xcb)(\x1f\x89(\x7fJ\xc5\xd1\xec\xcaR\xeeu\xf6_\x1c\xbe\x14jx\xce\xa0\xd6\xec\x7f\x86h\x9c~d\x02\xbf\xadwV^:\xf0\xbe\xa1\x12\x0b][H\xb8\xd81\x123A$\xa87\x16\xc2+\xe5\x94n$\xf1\xdc\xe6\xae\x8dLN\x16\xa7\xb5\xa1\'N\xa7tgZ\x8d\x1cD\x1d:\xf0U \xfa3\xf1\xee]\x13Q\xd2nK\xa3\xb2\x88\x8e\xd6\x8d\x87\\s\x85a\xc3dt\xaa\xe9%\xc2\\7\x9e\x844\xca\x0e=\xc7L{W\xde\xe2(\xca\x95\x92|\xd4\x97^\xc7\xcbR\xa8\xa6\xdd\xd7-W\xf8\x9d]\x92\xc3\x1a\x1eT\x86\x00\x9es\x83\xe9\xf5\xaf\xaf>\n\xfe\xcf\xbe9\xf8\xb0Z=\x0bN\x17Z\x91*\xf6\xb72L\xb1\xda\xc4\xab\xb8\xbbM\x95m\xc7\xe5\xc2r>oZ\xea\xc3\xc60\x8c\xea;r\xc1]\x9c\xd8\x87+\xc5\x7f;\xb1\xd0x\xea\xf3\xc46\xbf\x1a\xad4\xadF\xebL\xd5\xad\xfc!e\xe6)\x83/\x0f\xdao\xd1d\x92\x19\xb3\x81\xe6G\xbb\x05\x07\x08\xfb\xb1\x83\x91\\>\xbb|\x97\xda\xfc\xe9\x1a\xacI\x0f\xca#N\x8a\xef\xd4\x8c\xf2q\xd3\xf0\xaf\x8e\xce\xaa{\\UGk[C\xe8\xb2\xb8{<-?=O\t\xf8\xf1\x0e\xabo\xe1\xebH\xd6\'\x8e\xd8O\xbam\xd9RF6\xc6@=W$\xe7\xdf\x15\xe1~\x12\xd4\xa4\xd1\xf55pq\xbe2\xac\xfd\xd4u\xc8\xcf\x1d\xb9\x1d\xc5e\x84_\xb9]\xef\xa9\xa6+Z\x8f\xb5\xb4>\xb1\xf83\xfbA\xfcP\xf0\x8f\x88\xed\xad|9x\x89-\xd4\xe1\r\x94\xa7\xcc\xb2\x99\x98\x85!\xe3?ww\x03ra\x87c_X||\xf0O\x8d|U\xa0]x\xbaTXu\x0b\x19m\xfe\xc3\xb5\xb3j\xa4\xb3F[k\xae\xe6m\xd9+\x90\xa0\x03\x91\xb8\x83\\8\xb8B8\xcaR\x82\xfd\xe4\xfe%\xe5\xdc\xeb\xc1\xb7,=ER^\xe4>\x17\xe7\xd8\xf9:\xcf\xe2g\xc7=\x11\xb1q\xa6\xd9\xdf\xa0\xfb\xc4\x00\x0f\xe1\x8d\x95\xdai\x9f\xb4\xb9\xb4!u_\x0b\xde\xc6\x01\xf9\xa4\x88\x92?\x00T\xff\x00:\x99`\xe0\xf5\xa5={0U\xda\xf8\xe3\xf3>\xc3\xf8\r\xfbY~\xc7v\x17\xb7\x12x\xa6\xd2\xe9^U\x0b\x14WVI4)\xfd\xe2p\xccr{\x1d\xbcV\xaf\x8f5\xef\xd9k\xe2\x97\x88d\xb8\xd0n4++Y>X\xadU\x84,@?x\xa4\x84\x1d\xcd\xdc\x0e\x07Ju \xe1AG\x93\xf7\x8bv(I\xca\xb3\x9f7\xb9\xd1\x1e\x1f\xe3\x1f\x85\xff\x00\x054\xc6""\xe7P\xb2\x85\xdb\x9d\xaa\xc1\x98\x022\x0b\x05\xce\xd0{\x13\x81^}\x0f\xec\xe7\xe0\xaf\x17[\x99t\x8dF\x1b\x85=<\xb6\x19\x1fQ\xd6\xb0S\xad\x08\xa9\xb5\xee\x9b\xde\x9c\x9f-\xfd\xe3\x89\xd6\xbfe_\x15Xd\xc1#5y\x86\xa7\xf0g\xe2\x16\x94\xc70;\x81\xdc\n\xd65\xd4\xbe%f\'\x0bj\x8e\x1e\xf3A\xf1n\x9a\xc7\xcd\xb4\x94c\xaf\x06\xb0\xe5\xbe\xbe\x80\xe1\xe3\x91O\xb8\xad\xd3\x8b\xd9\x92\xef\xd4\xf4/\x8c\xfe>\xf0\xdf\x8f> ^jz.\x8b\x1f\x84\xf4\xe9a\x85b\xd1\xa3!\xa2\x8ah\xe3\x0b+\x85P\xa8K\xbf<*\xf1\xda\xbcv]bK\x86S)B\x8b67\x8e\t\x18<`}9\xc5}\xadz\xf2\x82t\xf9\xae\x9e\xe8\xf9\x9eZu*\xaa\x89Z\xdb3\xbe\xf0\xf1\x87R\xd4\x02\xc2\xaawe\x93\'\x80\x14d\x13\xf58\xaf\xa8\xfe\x10\xfcm\xf1\xf7\xc0_\x10Z^\xe9\x97\xedfm\xecY\xee,\xe6\x8ft7PFN\xf8f^>Rw2\xb6C(\xfb\xa7&\xb6U\x14i\xc9\xdb\xf7rV~\x8c\x87C\xda\xca*O[\xe8\xfc\xcc\xbd\x07\xc4:\x87\x8a\x0e\xad\xe2}I@\xbb\xd7u\t\xf5\x1b\x94\x04\x95Ev%bB\xc4\x9d\x8a>T\xc9\'\x18\xae>\xde\xfa\xe5\xf3)\xe2i\x1d\x99\xe4\x04\xe4\xe7\xa0\xfdM|F.\xa3\x9dYI\xf5g\xd1P\x82\x858EtC\xf5\xd8\xb4o\x12h\x12Y^1\x85\xa4\x88\xa9\xbe\x91\xc9H\xf2r\x1d\xd4\x8e\x88y\xe0\x8e\x95\xf1e\xa4z\xa5\x9e\xa0\x15\x12u\xb8S\x84\xf2\xf3\xbb>\xaaG?\x88\xad0\xd2J-7b1\x10ri\xa5s\xee\x8f\xd93\xe0\x1f\xc4/\x16\xfcQ\xd2uK\xe0\xfan\x95\x15\xe2\xfd\xb6\xf6s\x89\x04R|\x8c\xe9\xb8\x10\x1c\x03\x90[\x18\xc6k\xf5\xfb\xf6\xe5\xbe\xf06\x89\xf0\xbf\xc3Z7\x87\x85\x88\xb1\xd45\x17\xb9\xdfh\xca\xf1\xc8\x96I\xe4\x80]I\xdd\xf3Hrrr\xe0\x93\xceh\x8dj\x15\xfd\xb5J~\xf3\xa6\xac\xdf\xdf\xb1\x9dJu\xa9J\x8d9\xbeX\xcd\xde\xc7\xe7%\x9d\xb8`>V\x039\xce2\x08\'9?\xae+\x7fK\xd1-\xefg!\xa2I\x0b|\xa9\x1e\x01$\x9e\x00\x1f\xca\xb9\xdbR\x92\xba\xb1\xae\xa96\x99\xf5\xcf\xc4\xab\x1bm#\xe1\x0e\x9f\xe0{\xff\x00\x07iV%\xed\x83\xbd\xdc\xeb\x14\xb7\x8c\xa5\xcb\xbc\x91\xe5s\x0e\xf6\xcf9\xce8\x15\xf9\xe1\xe2\x7f\x83\xde\x00\xff\x00\x84\x96(t\x9d9~\xd9\xf2F\x90+\x10\xa6c\x85M\xc38,\xdc3g \x16\x1c\x11]\x13\x9b\x8aw\xd21Z\x9c\xe9\xfb\xbak:\x8fG\xe6\xcf\xd3\xff\x00\x80\xdf\xb0\x97\xc2{m\n\x19<Mo\xfd\xbd\xa82\xee\x98H\xef\xf6X\xd8\xf3\xb2(\x81\x03\x03\xd5\xb2Oz_\x8f\xff\x00\xb2\x17\x84\xbc+\xe1\x9b\x9f\x10\xf8""\xcf\xfb\x13W\xd1\xd0\xdc\xb5\xb5\xbb\x11\r\xcc(3""\x14$\x81 \x1c\xa9\x1fx\x8c\x1e\xbcy\xca\xadI\xa8\xd4\x9b\xf7d\xf5]\x12;\xdca\x16\xe9\xc5Y\xc5h\xfc\xcf\x81\xf4?\x8e\xff\x00\x1f\xf5\t\xa2\x8e\x0f\x0ei\xba\xf4r&\xf8\xe4\x81\xc4s\xc8\x83\xd4\x17\x03w\xa8\x0b\x9fj\xec\xee~>\xea\x9a\r\xa8\x97\xc5?\x0f<[\xa3B\xc0\x1f\xb6}\x99\xde\x02\xa7\xf8\x95\xdd#R=\xc3Wt\xf2|Da\x1a\xd0_\xbb\x96\xc7<s\n.N\x9c\xdd\xa6\xb7%\xd0~:\xfe\xcb\xfe.\x95\x85\xc6\xac\xbaq=\x05\xe5\xb4\x9c\xfa\x82b\x12\x01\x8f\xad}3\xe0\xbf\x84\xdf\xb0\xaf\xc4{\x1c]x\xcbE\x96\xean\x8b\x14\xcblc\'\xb6&PI\xfa\x8a\xca\x9d\x1eF\xd5m\rgVOZJ\xe7\xe2G\x8f\xac\xbe)\xf8\xa7D\xd3\xb5\x8dZ\xc5\xe1\xb6\xbe\x9eO\xb3\xeb\x0fn\xd0\xc3yq \x04\xc6g\x0b\xe5\xbb\x85PUF02q\xde\xbc\x82]+Q\xb2\x965\x94++\xb1\x08U\x83na\x8c\xe0)>\xbcz\xd7\xd4N\x95V\x94\xdbM.\x9dQ\xe1Bpn\xdf\x89\xd8x{^\xbe\xf0\xf6\xa2KDT\x85(\xe2E#h\xe3\x8cpEn\xdc\xf8\xc5\xeel\xafm\xe6\xf3\xa7k\xc8c\x89\'\xf3\x08X\x15X3\x9d\x84\x1d\xe5\x97(9\x18\xc9<\xd4U\x94\xdd?g~Y.\xfd\rh\xcb\x92J_\x14l\xff\x00\x13\xa3\xd6\xbe-]M\xa5\x8b\x0b\x0bh\xed\xad\x925\x8cH\xe7|\x85W\x18\xf4\x038\xe4s^S\xaak\xda\xfe\xa0\x85^\xf2\xe3\x18\xe5\x14\xed\\}\x17\x02\xbc\xd5\x87\xa7\x1dd\xb9\xa7\xd5\x9d2\xaf9h\x9f,Q\xcaK\r\xdd\xcb.d\x91\xca\xf27\x12q^\xcd\xe0\xff\x00\x1e\xcb\xa0\\\xc5<\xfa\\\x17\x12B\xb8\xde\x18\xa0ov\xe1\xb9\xac\xb1\x18e^\x1c\xaa\\\x9eh\xd6\x86%\xd0\x975\xb9\xae{\x96\xa3\xfbT\xfcJ\xbc\xd2Z\xc7O6\xba=\xbb\xa6\xc7kpL\xe5OP%bv\x9fuU#\xd6\xbc\xe7H\xf8\x85\xe2=1`\x8d\xae\xe6\xb8\xb7\x80\xb6\xcbi\x9d\x9e5\x0e\xdb\x9f\xcb\x04\xfc\x85\x89\xc9+\xd4\xf2sQ\x86\xc0\xd1\xc3R\x9d(\xdd\xb9\xfcR\xea\xc8\xc4\xe2\xea\xd7\xab\x1a\x92\xd3\x93\xe1]\x8f\xa4<%\xf1\x0fA\xd6V$vki\x9c\x85E\x90~\xec\x9f\xee\xab\xf4\xfad\n\xfa\x9b\xe0\xc6\x9b\x1c\xbe9\x82\xe6g\x8a+m)M\xf5\xd4\xf2D\xf3\xc6\x91\xc3\xf3\x8d\xf1\xa1\x04\x82\xd8\x03\x902z\xd75Jr\xa7R<\xce\xf1OsX\xd4U!\'\x1f\x8b\xb1\x1f\xc4\xdf\x89\xda\x8f\x895{\xfdgP\x944\xb21\x95\x80\xf9UQ@\t\x0ck\xb8\xe1T\x01\x81\x93\x93\xc9&\xbe#\xf0g\xc4\xef\rX\xf8\xde\xee\xebW\xd5\x13O\x97c}\x8aW\x86I\xe37\x19\x00\xeeX\xc1;H\'\x92@\xc5\x12\x8c\xea\xd3\xa9\xcb\xac\xa5\xb1<\xd0\x8e&\x8a\x9f\xc1\rY\xf6\xc7\xc2\xaf\xdas\xe1\x7f\x87\xbcA\x04\x93\xea\x0e.e\r\x14\xa3K\xb3\x9a\x04\x956\x92%\x9a)$(Xc%\xc6\t\x1d\xab\xdd<\x1b\xf1\xeb\xc27\xde""\xbb\xb7\xba\xf1&\x95\xfd\x9dr\xc4=\xe5\xf5\xed\xdcR\xb4L>h\xcc3\xa8\x85}\x08\xc8\x1e\xf5\xc0\xf0x\x98^V\xd3\xb1\xea}s\x0b7g\xa3\xee|\xab\xfb!\xd9\xf8sU\xbe[[\xdb\x89Vu\xd5\xee\xb4\xfd3P\x87k\xa0\x9c\xb8\x16\xd7$\x95o\x90\xbf\xde\xc68$\x82+\xef=\x0f\xe3\xd6\xb3\xe3M>\xff\x00K\xd4\xcd\xd3\xea:U\x84\xb7& \xc8 \xb9\x16\x8b\x99\x94F\x02\xed\x90*\xb3\x83\xc88#\x02\xbe\xe7\x05:\x7fW\xa7)\xfb\xd2\xa6\x93W\xe9w\xaf\xf9\x9f3\x88\xa7)\xd5\x92\x8e\x9c\xcd\xa7\xe7c\xca<g{\xf0g\xe2/\x84d\xf1\r\xfe\x8fk\xacE\r\xc2Z\xeaKse\x0b\xcfm$\x80\x98\xd8u\x06&\xda@pA\x07\x00\x8ek\xe3\xff\x00\x10\xfc;\xfd\x8f5\xe1\xbe;_\xec\x86r@\x9e9n!P\xe3\xaa\x84V1\x82=\x08\xafAR\xc2\xe2`\xfd\xbd$\x9c_+ks\x93\xfd\xa6\x84\xd7\xb2\xa8\xf5W\xf2>&\xf1\x0f\xc7\xef\x13\xf8\xa3\xc1\xde\x1b\xd0.\xe2\xb56\x1e\x19\x172Yl%ZG\x9dU\x01\x9c\xb1 \x98\xc2\xe11\xcf\'\xad|\xfd\x11\x89\xe7\xf9\x8b\x06\x07\x1c\x1c\xfeU\xe6\xd4\x9f4V\x96w\xe8tQ\xa6\xe9\xa6\xae\xe5\xeav3\xf8\xa6\xfa]9m\xd6\xeey@R\x92E!\xdf\x18\x04\xf0T>pq\xdcw\xe8k\x9e%\xb9\xcf\xf7\xb3Xb+J\xaf-\xe4\xe5e\xbb5\xa7ME\xb6\x95\xaeG\x01i$#\xd1y\xab\x10\xc7\xe63\xf7\xc7\x15\xc8lZ\x86\xd5c\x04\x9eI\xf4\xfeT\xe6\x90\xb3m\xe3\x19\xe4{Rb\xdc\xd2\x89\xd1\xb1\xd7\x8a\xd4\xb2F\xbb\xbbT\x1d\x07.}\x07r\x7f\xcfZ\x04\xfc\xce\xae\xf3P\xdb$PF@\x11`\xbe:d\xf4\x1f\x95}u\xf0C\xe2\x06\xa5q\xe1}KL,\x8e\xc5\xe2Y&l\x99|\x81\x96\x11+v]\xc3-\xf4Z\xe7\xc4G\x9a\x8b}Q\xa5\x07j\xcb\xb32~/x\xa6+-\'\xec\xe1\x87\x993\xf3\xcfE\x1d\x8f\xd4\xd7\xe7\xa7\x8c5H_W(\xbda\n7\xfa\x9eKg\xf3\xacp\xea\xf0L&\xdb\xc4>\xc9\x1b\xfe\x13\xf1\r\xd5\x9e\xb1\x0b\xc5qfw#\xa3\x19C\xfe\xefr\x91\x96\x1b\x97\xd7\x82\x0f\x15\xe9\xda\xa7\x8c\xe0\xb9\xb0D\x92K1\xbeP\xb3Il\xecN\xcc\x8c\xf0\xc3\x00\xfdX\xe6\xbaz0i\xf3l~\x9d\xfe\xc7\x9e.\xf8i\xa1xB\xe4]O\xa4\xd8:\xebFKA{o,\xcd\x1b0\xdc\x18\\\xc07\xa0\x07\xb9\xc0\xef_ci\x89\xf0\x86\xdf]\x93P\xb7\xba\xf0\x83\xde\\\xf9\xcb$\xb6\xda\xab\xc1\xe6\xb4\xe8Ra\x8b\xa2\xcaw+\x9c\x8e\x995\x82\xadV\x94ZR\x92MY\xbd\xd3Gu\x18S\xab\x059E9\\\xf1\xfdg\xc0\x1f\n\xfc\x1d\xe1\xbdj\xd9\xe4\xd5\xad\xad<Af\xb6\xd2:\\Z_\xc4\xa69\x92h\xe5\xb7x\xda<\xba\x94\x1f\x81""\xbe4\xf1\xa7\xc3\x0f\x87\x16\x1a\x05\xdai\xfe1\xb8\x9a\xe1\x9d&\x8a\x1b\xdb7\x87%\x03\r\x9edo(\xf9\x83q\xc62\x06p9\xaf^\x85l\xc2\xa5\xe7\nj\xa4&\xf5\x92\xd1\xfe\'5\\>\x1e).~Y%\xa2\xdc\xfc\xe2\xbb:\x1d\x9b2\xc9\x1a3\x81\x9d\xa06=\xb2z\x0f\xc6\xb9;\xb9\x141x\xd5#\xc7;W\x90G\xd4\xf3\x9f\xd2\xb5\xc4\xce\x9c_-?\x89n\xce*jOYlB%V\x95r{\xe7\xdf\xa7\xf5\xad)\x08\xd9\x9e\xe4f\xb8\x1b\xb9\xa9\xe8\xbf\x0b\xbe\x15x\xa7\xe2\x97\xdbSF\x92\xc6{\xf8\x06\xe5\xd2^a\x1d\xdc\xf1\xa8\xcb=\xb2\xbe\x11\xc2\x8c\x96\x01\xb7\x00\x0f\x1d2\x9a\xf7\xc2\x8f\x1bxNy\x16\xee\x04\x0e\x1b\x88\xe2\x969]\xc6\xe4P\xc8\xa8\xc4\x90L\x89\xb4u`\xe0\x80G5\\\xae\xd7\x13\x92\xbd\xba\x8e\xbd\xf0\x92\xf8v\x14\xfe\xd6\xbe\x86\xd2I#\xf3\x05\xa4 \xdc\\\x95$\xa8o\x97\x10\x82\x08*\xe8\xd2\x87R\x08e\x04b\xba\x1d\x12\xd3\xe1\xce\xb3\xa9Y\xce\x90\xbcv\xb6\xfa\x8d\xbbk\x8b#\xc8\x82;\x0f0G,\x91D\x0b\x90\x84\xb0\xdeD\xcc\xe0\xfd\xd0\x06MN\x97\xb7P\xbb\xdc\xf4/\x8c_\xb3\xef\x8a~\x17\xea\x93\xfd\xae+]>E\xd2 \xd5d\xd1\x9em\xf7\x16\xf6\x93\xb8\x85\x8aI\x83\x14\xab\x1c\xe7\xcbUY\x1aR\xa43/\r\x8f\t\x83QM/Ki_\xe6\x92f\xe0w*\x0f\x00}O\xf4\xa5 N\xe4\x16\x97m2\xb4\xaeH/\xcbn=;\x9c\x9a\xfa\xcf\xf6e\xf8\x85c\xe0K\xdd~\xeau\x89\xa3}\r\x99\x16u\xf9Ze\x960\xb8B9 1\xe0\xe3\x8a\xce\xb5\xfd\x94\x9a\xd5\xd8\xa8$\xeaE7d\xde\xe7\xce_\x12\xbe!\xcf\xe3\x1f\x13\xcdq\x90\x88\xef\xfb\xb4\x00(\x03<\x9d\xaa\x00\x1e\xbcq_?\xcf\xfe\x99\xab\x16\x97*\xb2Hw\x1f@O_\xc2\xb0\xa7\x17\x1ak\xf9\xach\xb9]YIi\x16\xf4\xf4=gA\xf8-\xf1\x07W\xb8\x8d\xec\xed>\xd1\x1bc\xca\x9f !\x07\xa6I\xeb\xf8f\xbb\x0f\x8a_\t\xf5\x0f\x02\xff\x00fY]\xeaQ\xbe\xafq\x13\xcf}o\x1e\x05\xbd\xb4d\x8f*0p2\xe4\x86.x\x00c\x8a\xe7\x8e6\x15+F\x8c5\x93\xf8\xbc\x8e\xca\xb8YS\xa5*\xb3~\xea\xdb\xcc\xf4/\x81\x1e4\xd3\xfc7u{k\xac\xddE\r\xbc\x80H\x92\x8f\xde\x01 \xe3\x04\x0c\xe7<\xf3\xcd}Y\xa1x\xa7\xc2\xfa\xa2;[\xeaV\xa4\x82I\xc0\xda@\xc7\x03\n7\x0c\xf4\x07\x1dk\xe8pR\x82\x8a\xf7o?\xc4\xe3\xa4\xd3\x83\x83\x95\xb5\xd8\xc6\xd4\xfcS\xa7\xbc\xf2)t \x1ew1?\xcf5\xc3\xdek\xfaz\xc8\xfb#B\x08\x1fpq\xdf\xd0W\xafed\xeeF\x81\xe3\x1f\x80>\n\xba\xd0^+\x0bqe|\x88M\xb4\xea\xc7kI\xd9&\x04\x9c\x86\xfe\xf7P\x7f*\xfc\xf8\xd4!\xb8\xd3.d\x8adh\xd9$)""\x11\x82\x8c8 \xfaW\xc6\xe11N\xb4\xaaA\xbb\xf2\xbd=\x0e\xfcv\x19Qp\x94U\x94\xb7\xf5(\xbb\xa9\xb9\x88\xfdA\xf7\xadY\x9b1g9\xae\xdb\x9e{\xdc\xeb~\x19\xf8\xbe\xfb\xc0\xba\xe4z\x9d\xb2\x86\x9a\x1f5\x078!e\x8d\xa3f\x8d\xb9\xdb""\x86\xca?;X\x03\x83\xd2\xbe\xed\xf8e\xf1\x9b\xc3\xbe.\xf8\x86\x9a\x96\xb4\xd3""\xea\x17\xcbo\xe1\xf5x-\x9a;[\xc8\xe5I\xe1\xb7\xdds!\x8a\x1b(\x98\xc6nfo\x98\xae\xcf-\x14\x865jVV""q\xd6\xe7M\xe2\x7f\x82\x1f\x00g\xd2<Y\xe2p\xab{\xa4\xd8\xeaW\x9al\x92\xd9\xdf\xc7nm\xaf\xa2\'m\xe5\xb5\xa4\x81\xbc\xd8\xe5vQ\x0c+!\x059U\xe8+\xe0\xa8\xad\xd6\xc7\xe2[Z\xc1g-\x84R\xdc\x1bYl\xe4$\xc9\x0c3\'\x950\x90\xb1%X+\x16!\x8eP\xf5\xe9I\xdbKn\x11m\xde\xe7\xaf\xfc]\xfd\xa85\xef\x8c^\x07\xf0\xf6\x9f\x7f\xa7C\x1e\xaf\xa4\xe9gM\xbc\xd6\xc4\x85\xa4\xbe\xb6\xf3#x\xd5\xe3 l`cR\xed\x96,\xc5\x88\xc0$W\xcc\xabr.\xee\x03\xb9!\x10m\x8d:\x9c\x0f\xebS\xbb-+#b\x08d\x9aA\x9e6\x9c\xed\xea\xab\xeeGv\x1f\x90\xad\x8b\xeb\xd9,t\xd7\xd8\xfb|\xd7\x11\xc8\xcd\xfcJy \x93\xc7Q\x9f\xd0P\xd5\xd3O\xa97\xd5w9\xc8\xa7\xb3\xf9\xd2@\x0bd\x1c\x9e\xa3\x8c\x1f\xd6\x9d6\x82&\x0b%\xb9\x81\x9b\x18d|\x8d\xdd\xc1R8\x07\xebSa\xea\x99\xf7\xaf\xeco\xf1\xaf\xc1>\x19\xd5\x17\xc3>+D\xd3\xd2\xe6B4\xadN\xe0\x85\x829\x0f\xfc\xb0\x9a_\xbb\xb1\xbf\x82BF\x0f\x07\x8cc\xce\xbfjmKL\xd4>5k\x11Y\xacn\x96\xb2\xad\xb4\x05NF""Q\xe68#\xae\\\xb1\x07\xbdy\xb4\xb0\xaa\x96>u-\xee\xc9]\x1d\xf5q2\xa9\x83\x84/\xaavg\x89xz\xcbJ\xb8\xb9ax\xf2|\xe4\xab\xcc\x80\x16F\x1d\x0b\xa9\xfb\xd8\xfa\x82Gz\xd2\xd5\x8d\xc7\x87\xa7\x8c\xc7 \xcb\x12-\xee!$\x13\xee\x08\xc7>\xa0\xff\x00*\xf4\x94\xa5\x19+;vg\x9a\xae\xd9\xf6\xff\x00\xc2\x1d\'\xc2\x1f\x14\xb4\x14\xd4U<\x9b\xe8\xd8\xa5\xec\x01\xb7*\xbf\x18eW\xde\n\xb7PH\xf5\x19\xe0\xd7C\xaa\xfe\xce\x96\xd7\xd7\x12\xcf\x1e\xa1""ob\xdeJ\xb6>\xf1\xe8\x14\x15\n\x07`\x01\xaf""\xb6q\x99\xd3\xafR\x9c\xa7\xf0\xbb+v\xf4>\xe3\x0b\x96e\xd5\xb0\x94\xaa\xa8_\x9d]\xdf{\xf5\xd4\xf2\x9f\x1b|D\xd3\xb4\x1d.K\xa9X\x95\x8b\xe6\n\xbc\xb3\x11\xd9E~qx\xd3\xc7m\xe3O\x13\\\xde\xc9\x02@\xb7\x07\x01\x17\xaf\x03\x1b\x98\xf7\'\xbdFYJI\xba\xcf\xd3\xd4\xf1\xb3:\xb1iR[\xef\xe8rV\xae\xdfk@NWw\x02\xbaY7la\xd7#\xa5{kc\xc5{\x91\xe9R0\x8d\xc7_\x9c\xf1_c\xf8\x1e\x7f\x86?\x0f|\'cc\xe3\x1d\x1e\xe2\xf1\xb5e\xfe\xd3\xb6\x90q\x12\xda\xdc/\x96\xb1\x97Q\xe6y\x9bTJ\x866^J\xab0\xe7\x17\x1e\xec\x89\xde\xfanO\xe2?\x0f\xfc\x17\xf0\xdf\x83\xb4\xcf\x10xe\xb5]SY\x86\xf4O$\x0e\xe2\x0b;Xb\x98\xc7\r\xcc\x90J\xad<\xe9$\xa5T\x98\x9b``P\xb0n+\xc8\xee4\x1bo\x08\xc740\xcc\xb7\x9a\xc4\xa2H./bbm""\xb7\x91vJ\xb0+""\xbb\xcc\xc0\xb23\x9f\xdd\x85\'nI\x04\x0e\xdb\x896\xf7\xdc\xf3\rcH\xba\xd3d\x8aRKE\xe7\x00}A\xea3QiP\x91\x18\'%\xdb\xa9=\xbd\x87\xf5\xa9\xea]\xee\x8e\x9e\x08\xdc\x91\xc1T\x1dI\xef\x9e\xc3\xeb\xebQ\xeb\x01^\x08Q\x86~b\xc7\xf2\xc7\xf9\x14\xd9=Q\xccj6p\xc1\xa8[\xb2\xe3k)Lv\xce2+\xa5\xb1\x99\x00\x00\xf3\xcdAOTm\xde\x18.\xed\xd9\x0e\xc6F\xea\xae2\x0f\xd4\x7fZ\xcd\xf0\xf2\x8b\x03$@\x89@bc\x079D\xfe\xea\xe4\x93\x8f\xc6\x99\x1a\xa4mImm\xf6\xaf7f\xc7\x7f\x95\x99I\x04\xfad\x83Qk\xedz4#\xe5\xbe\xf8\xe2\x98H\xca\xc3%\x0fM\xc8G=q\x90s\xc5\r_\xe4\x0btv\xdf\x0b\xbe)k\xbf\x0fu\x03qd\xea\xf1N\x02\xdc\xdb\xbevJ\xa0\xe7\x07\x1c\x86\x1d\x8fl\xf45\xfaE\xa6\xf8\xc2\xcf\xc4\x1aE\xbd\xe5\xac\xaaa\xb8\x8f\xccP\xa4n\x19\xfb\xca\x7f\xdaS\xc3\x0e\xc6\xbc\x1c\xda\x8f,\xa3\x88\x8e\xf2\xd2G\xd8p\xee)\xce\x9dL$\xdf\xc1\xac=:\x9f\x97\xde+]kPF\x13L@#\xee\x8e\xde\xdf\xe4\xd7\xcdz\xa6\x9e\xf6\x97N\xa7\xb1\xeb^\x8e\x1a\xd1\\\xa8\xf0q\r\xcd\xf3\xbd\xca\xd6\xacV\xe26 \xe0\x1eq]d\x8eSc\x0eT\xf5\xfaWj\xd8\xe3\x90A\r\xd4\x17D\xa2\x99""\x93\x04\xfa\xa9\xaf\xa0t\x7f\x88\xf7\x83\xc3\x11X\\\x08\xc0\xb6\xb0\x92\xce\x014P\xdc\xa9\x8d\x9d\xee#p\xb3+l+6\xd5`\x0e\xd6\x8c\x83\xb4\x14\xc9\xd2.\xdb\x99\xcb]Q\x95\xa8kw\xb7\xd6\xb1\x05kx\x0cVF\xd4\x98\x14F\x8d\x17\x9a\xd3\xed1\xae\x10fF\xdd\x8c`\x10\x0e8\xcds\xb1K40\x0f.]\xf2cs\xb19\xde{\xf3\xed\xd0TI\xf5\xea$\x8eSY\xbc\x9a\xeeP\x92I\x82\xddW<!\xed\x9c\xf7\xefSC\x13[l\xe5\xc61\xb5\xba\x03\xef\x9f\xf2).\xe53\xa1\x8a\xe7x\x01\xd0\xc4\x7f\xbd\x81\xb4\xd7i\xe1\xdf\x85\x1f\x13>""o\x97F\xd1o\xf5\x18c\xf9L\x90\xa1+\xb8uP{\x9fP3SV\xa4)\xc7\x9a\xa3\xe5C\xa7Nu%h+\xb3\xcd>#\xf8[\xc5\xde\x08\xbd\x8e\xdbV\xd3\xaf\xf4\xcb\x94\x90\x11\x05\xd4/\x0c\x84`\x8d\xc1\\\x02G\xb8\xe2\xb98\xb5Y7\x00\t\xdcz\x01III&\x9d\xd3\xeaS\x8bZKF\x87\\\xeb\xf7\xd6\xe4\xac\x9e^=\x8f?\xa7z.\xff\x00\xb5\xac\x9a+\x9c7\x94\xea\x0e\xe59\xc6Fv\xb7u>\xc7\x8fz\xa1[\xf17\xad\xb5\xab\xfb\x82\t\x91x?prA\x1e\xb5\xdei\xf3\x1b\xb4xe\xfb\x93!F>\xcd\xc6i\x92\xd7\xde}\xcd\xf0\x83\xf6*\xd0\xbc}\xe1(\xa5}F\xe2)\xe6\x887\x98\x9d\x98\x8c\xf4\xac[\x9f\x85\x7f\x13\xff\x00g?\x1c\xda\xf8v\xfe\x7f\xb7\xe8\xfa\xf4\x8et}eQ\x99a\x9e1\xb9\xe1\xb9P2\x9b\x94}\xeeA\x1c\xf65\xe1W\xad*\xf0\xa9J\xa3\xb5\xf5O\xb3G\xd1\xe0\xe3\x0c6&\x95Zq\xd6\xf6\x97\x9ag\xe54\x9e(\xf14\xa7\xe6\xd4o\x9b\xeb3\x9f\xebY\xd3j\x17\xf7\r\x99\'\x99\xcf\xab1\'\xf5\xafaF+ec\xc4r\x93\xdd\x90\x8b\x8b\x85<;\x8f\xa15 \xbd\xbdQ\xc4\xd2\x8f\xa3\x1a\xab\xbe\xe4\x8f\xfe\xd2\xd4\x7f\xe7\xe2\x7f\xfb\xec\xff\x00\x8d;\xfbSS\xff\x00\x9f\x99\xff\x00\xef\xb6\xff\x00\x1a.\xfb\x8a\xcb\xb0\xd6\xd4u\x06\xeb<\xc7\xea\xc7\xfci\xe9\xabj\xb1\xae\x16\xe6\xe1G\xa0v\xc7\xf3\xa2\xecv]\x8a\xe6\xee\xec\xb6\xef6M\xd9\xcew\x1c\xe7\xd7\xebV\xdbZ\xd6\x1f\xad\xdd\xc9\xe3\x1c\xc8\xdd=:\xd2\xeb~\xa1\xd2\xdd\x06\x7fj\xea\x9c\x7f\xa4\xdcpr>v\xe0\xfa\x8ek\xb4\xd0>/|X\xf0\xa5\xbf\x95\xa5\xf8\xa3\xc4ZlA\x89\x11Z^\xcf\n\x02y\'\x08\xe0d\xf7\xa58\xc6\xa2\xb4\xd72\xf3\x1cd\xe0\xef\x07\xca\xdfTS\xf1o\xc4\xef\x89^>XF\xbb\xe2\x1dsZ\x16\xe4\x98\x05\xfd\xdc\xd7""""\xddL~k6\xd2{\xe3\xadrp\xea\x17\xf6\xccLs\xcd\x19<\x12\xacA\xc7\xe1BJ*\xd1V@\xdb\x93\xbc\xb5dmut\xe4\x16\x92BGBX\xf1\xf4\xa7\xa5\xfd\xf4g+4\xca}C\x1ab""\xfbM\xc6\xe2|\xc7\xc9\xearsWSZ\xd6""\xfb\xb7w+\xf4\x91\x87\xf5\xa2\xec,\x9e\xe7w\xa4\xfcl\xf8\xcd\xa0\xc2#\xb1\xf1w\x89\xec\xa3Q\x85\x8e\x0b\xfb\x88\xd4\x0f@\x15\xc0\x15>\xa7\xf1\xdb\xe3~\xb7\x12\xa5\xef\x8c\xbcUv\x8a\xdb\x95&\xd4ndP\xdd7\x00\xcep}\xeb7F\x8b\xde\x9a\x7f#EZ\xb4Z\x94f\xd3]nyU\x15\xa1\x98Q@\x05\x14\x00Q@\x05\x14\x00Q@\x05\x14\x00Q@\x05\x14\x00Q@\x1f\xff\xd9'"
image/DSC00664.jpg,Image ImageDescription,                               
image/DSC00664.jpg,Image Make,SONY
image/DSC00664.jpg,Image Model,ILCE-5000
image/DSC00664.jpg,Image Orientation,Horizontal (normal)
image/DSC00664.jpg,Image XResolution,350
image/DSC00664.jpg,Image YResolution,350
image/DSC00664.jpg,Image ResolutionUnit,Pixels/Inch
image/DSC00664.jpg,Image Software,ILCE-5000 v1.10
image/DSC00664.jpg,Image DateTime,2014:01:01 07:05:49
image/DSC00664.jpg,Image YCbCrPositioning,Co-sited
image/DSC00664.jpg,Image ExifOffset,364
image/DSC00664.jpg,Image PrintIM,"[80, 114, 105, 110, 116, 73, 77, 0, 48, 51, 48, 48, 0, 0, 3, 0, 2, 0, 1, 0, ... ]"
image/DSC00664.jpg,Thumbnail Compression,JPEG (old-style)
image/DSC00664.jpg,Thumbnail ImageDescription,                               
image/DSC00664.jpg,Thumbnail Make,SONY
image/DSC00664.jpg,Thumbnail Model,ILCE-5000
image/DSC00664.jpg,Thumbnail Orientation,Horizontal (normal)
image/DSC00664.jpg,Thumbnail XResolution,72
image/DSC00664.jpg,Thumbnail YResolution,72
image/DSC00664.jpg,Thumbnail ResolutionUnit,Pixels/Inch
image/DSC00664.jpg,Thumbnail Software,ILCE-5000 v1.10
image/DSC00664.jpg,Thumbnail DateTime,2014:01:01 07:05:49
image/DSC00664.jpg,Thumbnail JPEGInterchangeFormat,38448
image/DSC00664.jpg,Thumbnail JPEGInterchangeFormatLength,7457
image/DSC00664.jpg,Thumbnail YCbCrPositioning,Co-sited
image/DSC00664.jpg,EXIF ExposureTime,1/60
image/DSC00664.jpg,EXIF FNumber,7/2
image/DSC00664.jpg,EXIF ExposureProgram,Program Normal
image/DSC00664.jpg,EXIF ISOSpeedRatings,800
image/DSC00664.jpg,EXIF SensitivityType,Recommended Exposure Index
image/DSC00664.jpg,EXIF RecommendedExposureIndex,800
image/DSC00664.jpg,EXIF ExifVersion,0230
image/DSC00664.jpg,EXIF DateTimeOriginal,2014:01:01 07:05:49
image/DSC00664.jpg,EXIF DateTimeDigitized,2014:01:01 07:05:49
image/DSC00664.jpg,EXIF ComponentsConfiguration,YCbCr
image/DSC00664.jpg,EXIF CompressedBitsPerPixel,1
image/DSC00664.jpg,EXIF BrightnessValue,-113/80
image/DSC00664.jpg,EXIF ExposureBiasValue,0
image/DSC00664.jpg,EXIF MaxApertureValue,463/128
image/DSC00664.jpg,EXIF MeteringMode,Pattern
image/DSC00664.jpg,EXIF LightSource,Unknown
image/DSC00664.jpg,EXIF Flash,"Flash fired, auto mode, return light detected"
image/DSC00664.jpg,EXIF FocalLength,16
image/DSC00664.jpg,EXIF MakerNote,"[83, 79, 78, 89, 32, 68, 83, 67, 32, 0, 0, 0, 94, 0, 3, 16, 4, 0, 16, 0, ... ]"
image/DSC00664.jpg,EXIF UserComment,
image/DSC00664.jpg,EXIF FlashPixVersion,0100
image/DSC00664.jpg,EXIF ColorSpace,sRGB
image/DSC00664.jpg,EXIF ExifImageWidth,5456
image/DSC00664.jpg,EXIF ExifImageLength,3064
image/DSC00664.jpg,Interoperability InteroperabilityIndex,R98
image/DSC00664.jpg,Interoperability InteroperabilityVersion,"[48, 49, 48, 48]"
image/DSC00664.jpg,EXIF InteroperabilityOffset,38156
image/DSC00664.jpg,EXIF FileSource,Digital Camera
image/DSC00664.jpg,EXIF SceneType,Directly Photographed
image/DSC00664.jpg,EXIF CustomRendered,Normal
image/DSC00664.jpg,EXIF ExposureMode,Auto Exposure
image/DSC00664.jpg,EXIF WhiteBalance,Auto
image/DSC00664.jpg,EXIF DigitalZoomRatio,1
image/DSC00664.jpg,EXIF FocalLengthIn35mmFilm,24
image/DSC00664.jpg,EXIF SceneCaptureType,Standard
image/DSC00664.jpg,EXIF Contrast,Normal
image/DSC00664.jpg,EXIF Saturation,Normal
image/DSC00664.jpg,EXIF Sharpness,Normal
image/DSC00664.jpg,EXIF LensSpecification,"[16, 50, 7/2, 28/5]"
image/DSC00664.jpg,EXIF LensModel,E PZ 16-50mm F3.5-5.6 OSS
image/DSC00664.jpg,JPEGThumbnail,"b'\xff\xd8\xff\xdb\x00\x84\x00\x02\x02\x02\x02\x02\x02\x04\x04\x04\x04\x04\x04\x04\x04\x04\x08\x06\x04\x04\x06\x08\n\x08\x06\x06\x06\x08\n\x0e\n\x08\x06\x06\x08\n\x0e\x0e\x0c\n\x08\n\x0c\x0e\x10\x0c\n\n\x0c\x10\x10\x0e\x0e\x0e\x10\x12\x10\x10\x12\x14\x14\x14\x18\x18\x1c\x01\x04\x04\x04\x04\x04\x04\x06\x04\x04\x06\x0c\x06\x04\x06\x0c\x18\x0c\x08\x08\x0c\x18\x1e\x18\x0e\n\x0e\x18\x1e\x1e\x1e\x1a\x12\x12\x1a\x1e\x1e\x1e\x1e\x1e\x1c\x1e\x1e\x1e\x1e\x1e\x1e\x1e\x1e\x1e\x1e\x1e\x1e\x1e\x1e\x1e\x1e\x1e\x1e\x1e\x1e\x1e\x1e\x1e\x1e\xff\xc4\x01\xa2\x00\x00\x01\x05\x01\x01\x01\x01\x01\x01\x00\x00\x00\x00\x00\x00\x00\x00\x01\x02\x03\x04\x05\x06\x07\x08\t\n\x0b\x10\x00\x02\x01\x03\x03\x02\x04\x03\x05\x05\x04\x04\x00\x00\x01}\x01\x02\x03\x00\x04\x11\x05\x12!1A\x06\x13Qa\x07""q\x142\x81\x91\xa1\x08#B\xb1\xc1\x15R\xd1\xf0$3br\x82\t\n\x16\x17\x18\x19\x1a%&\'()*456789:CDEFGHIJSTUVWXYZcdefghijstuvwxyz\x83\x84\x85\x86\x87\x88\x89\x8a\x92\x93\x94\x95\x96\x97\x98\x99\x9a\xa2\xa3\xa4\xa5\xa6\xa7\xa8\xa9\xaa\xb2\xb3\xb4\xb5\xb6\xb7\xb8\xb9\xba\xc2\xc3\xc4\xc5\xc6\xc7\xc8\xc9\xca\xd2\xd3\xd4\xd5\xd6\xd7\xd8\xd9\xda\xe1\xe2\xe3\xe4\xe5\xe6\xe7\xe8\xe9\xea\xf1\xf2\xf3\xf4\xf5\xf6\xf7\xf8\xf9\xfa\x01\x00\x03\x01\x01\x01\x01\x01\x01\x01\x01\x01\x00\x00\x00\x00\x00\x00\x01\x02\x03\x04\x05\x06\x07\x08\t\n\x0b\x11\x00\x02\x01\x02\x04\x04\x03\x04\x07\x05\x04\x04\x00\x01\x02w\x00\x01\x02\x03\x11\x04\x05!1\x06\x12AQ\x07aq\x13""2\x81\x08\x14B\x91\xa1\xb1\xc1\t#3R\xf0\x15br\xd1\n\x16$4\xe1%\xf1\x17\x18\x19\x1a&\'()*56789:CDEFGHIJSTUVWXYZcdefghijstuvwxyz\x82\x83\x84\x85\x86\x87\x88\x89\x8a\x92\x93\x94\x95\x96\x97\x98\x99\x9a\xa2\xa3\xa4\xa5\xa6\xa7\xa8\xa9\xaa\xb2\xb3\xb4\xb5\xb6\xb7\xb8\xb9\xba\xc2\xc3\xc4\xc5\xc6\xc7\xc8\xc9\xca\xd2\xd3\xd4\xd5\xd6\xd7\xd8\xd9\xda\xe2\xe3\xe4\xe5\xe6\xe7\xe8\xe9\xea\xf2\xf3\xf4\xf5\xf6\xf7\xf8\xf9\xfa\xff\xc0\x00\x11\x08\x00x\x00\xa0\x03\x01!\x00\x02\x11\x01\x03\x11\x01\xff\xda\x00\x0c\x03\x01\x00\x02\x11\x03\x11\x00?\x00\xfe\x7f\xe8\xa0\x02\x8a\x00(\xa0\x02\x8a\x00(\xa0\x02\x8a\x00(\xa0\x02\x8a\x00(\xa0\x02\x8a\x00\xf5\xcf\xf8P\x1f\x1e?\xe8I\xf1w\xfe\x0bn\xbf\xf8\xdd1\xbe\x02|u^\xbe\x0b\xf1h\xfa\xe9\xd7_\xfcn\xa3\xdaS\xfed_\xb3\xa9\xfc\xac\xce\xbc\xf89\xf1{OB\xf7\x1e\x15\xf1$\n\xa3,\xd2X\xdc(\x03\xd4\x92\x95\x89\xff\x00\x08\x0f\x8e\xcf?\xd8\xba\xb9\xf7\xfb4\xbf\xfcM\x1e\xd2\x9f\xf3 \xf6u?\x91\x8e_\x87\xde>v\xc0\xd0\xf5\x82}\x05\xb4\xb9\xff\x00\xd0i\x8f\xe0?\x1c\xc7\xcbh\xba\xb2\xfa\xe6\xdaQ\xff\x00\xb2\xd1\xed)\xff\x002\x1f\xb2\xab\xfc\x8f\xee\x14x\x07\xc7g\x9f\xec]\\\xfb\xfd\x9a_\xfe&\x83\xe0\x1f\x1d\x8eN\x8b\xab\xfd~\xcd/\xff\x00\x13G\xb4\x87\xf3 \xf6U\x7f\x91\x8c>\x06\xf1\xb63\xfd\x8f\xaa\xe3\xd7\xec\xf2\xe3\xff\x00A\xa0x\x17\xc6\xe7\xfe`\xda\xa9\xff\x00\xb7y\x7f\xf8\x9a=\xa4?\x99\x0b\xd9\xd4\xfeF/\xfc \xbe8\xff\x00\xa06\xab\xff\x00\x80\xf2\xff\x00\xf15\t\xf0g\x8cv\x86\xfe\xc9\xd4\xf0z\x1f""L\x1f\xa1\xc5\x1e\xd2\x1f\xcc\x83\xd9T\xfeF0\xf8C\xc5\xa0\xe0\xe9z\x8eO\xfd0\x93\xfc+}\xfe\x13|U\x8d77\x86|@\xab\x8c\xee6S\x81\x8f\\\xec\xa6\xa7\x17\xb3LN\x13[\xc5\xa3\x1e/\x03\xf8\xd6vp\x9a>\xa8\xe5\x0e\x1c-\xbc\x84\xa9\xf4l/\x06\xb4\xad\xbe\x17|M\xbd\x84I\x0f\x87u\xd9\xa3$\x81""ZL\xcaH8 \x10\xbdGz^\xd2\x17\xb72\xb8\xfd\x9dM\xf9\x19)\xf8M\xf1Pu\xf0\xcf\x88?\xf0\n\x7f\xfe""\x93\xfe\x15G\xc5/\xfa\x16\xb5\xff\x00\xfc\x03\x9f\xff\x00\x89\xa7\xcf\x1f\xe6A\xc9?\xe5b\x1f\x85_\x14?\xe8[\xd7\xff\x00\xf0\x0e\x7f\xfe&\xa3\x7f\x86\x1f\x12\xd3\xefxw]\x1f[I\xbf\xf8\x9a9\xe3\xfc\xc8=\x9dO\xe5g\xf4\x15\xf0k\xf6\x8b\xf0\xff\x00\xc4\x0b( \xbb\x9e\x08\xee\xe4P!\xb9R<\x9b\x83\xfe\xc9\xfe\x17\xf5S\xdf\xa7\xa5}\x13r\x99\x15\xe5\xce..\xcc\xf4b\xef\xa9\xe7\xde""\xd2\xe1\xd4m\xdd\x1dA\xc8#\x9f\x7f\xf3\xc8\xaf\x85>!x2\xeb\xc2w\xed,jM\xa4\x8d\xc8\x1f\xf2\xcc\x9f\xfd\x94\xf6\xf4\xe9\xf5\x94\xdb5\x8b<\xec\\:\xb0a\xdb\xbd.\xab:\xcdo\xe6z\xf1\'\xb1\xf5\xfci\xbdM\x13<\xebZ\xf1\xad\xbf\x85\xf4\xc6\x96v$!\xc2\x01\xd5\xcfe\x15\xf3\x17\x8b>\'x\x93\xc5W,\x86V\xb7\xb6\x1c\x1bx\xc9\xc7^\xae\x7f\x88\xfe\x9e\xd5\xd5B\x9a\x97\xbe\xfa\x1c\x98\x8a\xad{\x91\xdd\xeep\xc8\xf2r\x04\x92r\x0fry\xff\x00du\x15\xea>\x19\xf8\x91\xaf\xf8yR6\x90\xdc\xdb\x05\xc7\x97.w\x00:\x95n\xa0\x9e\xc0\xe4V\xf3\x82\x92\xb3\xdc\xe5\x85IBWG\xd4\xbaF\xa0\xba\xbe\x94\x97\xb0\x9c\xc3(\x1bO|\x9e\xc7\x1d\xc5Gw\xa7j\xda\x84D\xc3\x0c\x8e7`\xb8\x1f(>\xecx\xae\x07\xa3\xd4\xf4\x93\xe6W]F[xE\xe3\xbbW\xb9\xbb\xd8\xcaw\x18\xe3\x1b\xcf#\x18,J\x81\x8fl\xd7ezo\xb5\xc2#2jW\xfd\xb6\xc9!0\x8f\xa8\\\x01\xf9\xd2u\x1d\xac\xb4CPW\xbc\x95\xd9n\xd7\xc1\x172\xa0I\xa4\x11/hc\xc0\x0b\xf9p\ruv\xbag\xf6]\xaa\xc1\tuD\xce99\xe7\x92x\xf5=k\'.\xc6\x96 \x9b\xed\x99\xff\x00[(\xfa3\x7f\x8dP\x92\xe7S^\x97\x17#\xe9#\xff\x00\x8d\x1c\xcf\xb8\xec\x9fC\xa2\xf0\x87\x84|e\xe3\xdb\xe9\xad\xec.\x9b\xcd\x82\x1f1\xc4\xb38\x05r\x17\x83\xcf95/\x8b\xbe\x15|G\xf0\xb5\xb8\x96\xf2v\x113*\xf9\x91\xb4\xb2\xa8f`\x8a\xacQ\x18)f (8\xc95\xd3B\x85j\xee1\xa6\xef)h\xae\xcej\xd5\xe8\xd1\xbb\xa8\xac\xa3\xbbH\xfc\xad\xf0\x8f\x8d\xb5\xdf\x06^y\x96\x92\x13\x13\x1c\xcbj\xf9\xf2\xdf\xdcz7\xa3\n\xfda\xfd\x9e\xff\x00l\r;Z\xb3\x8e\xc3U\x95\xe4\x8d@]\xef\xcd\xc5\xbfo\xdew\x92!\xd9\x87#\xf4\xae\xacE>h\xf3-\xce\x1a\x15\x1a|\x92>\xe8k\x9bMJ\xd9\'\x82T\x9a\x19Wtr\xa1\xca\xb2\x9e\xe0\x8e\xb5\xe7\xfe(\xd0\xadukI""\x91C\x06\x04s\xcfZ\xf3\xb5L\xeeG\xc3\x9e1\xf0\xad\xcf\x84\xb5\x16B\x18\xda\xc8\x7fu\'\xf7\t\xfe\x16>\x9e\x86\xb8\xa39BQ\xf9F\xe1\x87\xa8\xab\xdc\xd1;\xab\x9eG\xacx\x02\xfb\xe2\'\x8c\xed\xb4\x88eP\xec\xdf\xe8\xeb\x9e\t#%\xdf\xafA]5\xdf\xec/\xf1\xb6yd6\xdas\\C\xbb\xe6\x95\x089\xf5*3\x93Z\xcb\x17K\x0e\xe1N\x7f\x13W2XZ\x98\x8ez\xabd\xecx\xef\x8c\xbe\x04|B\xf8n\xca\xfa\x85\x8d\xd4J\x08\xc1\xd8q\x8c\x90\x18\x9e\xd9\xc7\x06\xbc\x92\xee\xe2T\xb8\xfd\xe01\xb8\xca\x13\x81\x95\xc9\xeak\xa6\x9dX\xd5\x8d\xd1\xc7V\x94\xa9\xbb3\xea\xaf\xd9\xae\xf6\xe3S\xb8\xbc\xd3\x96(\xe7&1<I/E`B\xbb(\'o9\x19\x04\x1a\xfb6\x0f\x06\\\\\xe1\xee\xe6$\x01\xc4I\xd0\x0fA\xd8~\x02\xb8q\x1f\xc5g~\x19\xde\x92}M{\x7f\x0ci0\x1c\x8bd<\xf0\xc4d\xfe$\xd5\xa9\xf4\xa4\xdb\xc2\x81\xf4\xac\x1fsc0\xe9eI$UI\xec\x89\xedR\xd8u1\xee,\xf9\xe9XW\x16\xa7&\x95\xcaG\xae\xfc\x07\xd4\xe2\xf0\xf7\x89\xf5+\x99<\xb2\xa9\xa2\xcaU\x1d\xd65y\x03\xa1H\xfc\xc7!U\x9c\xfc\xaaI\xc6M\\\xd7\xb5\x9f\x8f\x1f\x115Yl\x9e\r\x06\xd3D\xf3\xc3\x1d\xb7P)\x95\x14\x87\x88\x99wJ\xdb\x95\x80,Qq\x90E}VEG\x08\xe8\xcf\x15\x8br^\xcd\xfe\xedE7y\x7f^h\xf9\xac\xee\xae)W\x86\x1f\x0c\xa2\xfd\xa2\xf7\xdb{D\xfcY\x9fK\xd2\xaf\xeeB\xd8O\xbc:\xe7\xcb\x94\x80\xca\x7f\xbb\x9e\x84\xfab\xac\x8b\x0b]\'\xec\xacf\xb8\xd35\x05\x95\x89\xbcl\xf9*\x98\xf9N\x10\x179<\x11\x8e\x07<\x83\x81\xc9FPm\xc2\xae\x97_q\xbc\xd4\xbe(n\x8f\xab\xbe\x01\xfe\xd6Z\xc7\x84nR\xcbQp\xf6\xf26\x1d\x18\xe2\x19\x0f\xf7\xd0\x9f\xf5r\x1f\xfb\xe4\xf7\x15\xfa\x87\xa0\xf8\xc7B\xf1\xae\x96.\xec&\x12\xa1\xff\x00X\x87\x89#c\xfc\x12/c\xe8z\x1e\xc6\xbc\xfcE>Istgu\x1a\x9c\xeb\xcd\x1co\x8c\xf4;Mj\xc5\xe3\x91C\x06R9\xfeU\xf0\xb2\xe9\xfa\x8d\xcf\x8b\xbf\xb1\xd4(\x91\xefR\xde\xdel\xfc\x9f;\x04]\xe7\xd8\xf55\x8a\x92W\xbfC\xa6)\xb7\xe4\xcf\xa4\xfe\x13|%\xb4\xf0\x07\xc5[\xfdGR\xb9k\x81\x0c\xbff\x86t\x8c\xf9q\xc5\x1a\xa8\x96B9\xc1\xdf\x95\xcez)#9\xaf\xd8/\x87Vzu\xfe\x9d\x14\xf6\xef\x1c\xf6\xae\xa1\x96d9R\x0fpEp8\xcf\x11\x89\x8df\xbd\xcd\xad\xd8\xee\x9bX|<\xa9\'y-o\xdc\xdb\xf1\xbf\xc3\xff\x00\x0cx\xa3L\xf2nm\xa0e\x18o\x99A \x8f\xbarz\xe2\xbf\x18?jo\xd8cH3\xdd\xea\xde\x1d\x91\xa1fG\x96\xea\xd2F\xe3p\xe4\x98\xc8\x1c\x0fQ\xde\xba%_\xea\xb5\xe2\xfe\xc4\xb4h\xe5\x85?\xadQ\x94e\xf1\xad\x99\xf0\x97\xc0;\x9b\x8f\x04\xfcG\x88\xce\x8d,mo2L\xb1\xe38#h\n\x0e:\x10+\xf5\'\xc3\xfa=\xf6\xbd\xe0\x8b\xfdz\x1bk\xb1a\xa7\xb2\xad\xcb2\xae\xe0_\xa1P\x18\xe4\x0crk\xba\xad7R\xa5\xe3\xd8\xe4\xa3QS\xa7\xefw<\xfe/\x88\x9e\x0c\x85\x88\x96\xe1\xe3\xe7\xf8\xa2s\xff\x00\xa0\x83I?\xc4o\x87\xb2\x1f\x97Q\\\xfb\xc7(\x1f\xaa\xd7#\x84\xb6\xb1\xd6\xa4\x99S\xfe\x16\x07\x80\x9f\x8f\xed[5?\xed\xb6\xdf\xfd\x0b\x14\xc7\xf17\x84n\xbf\xd5\xeaz{\xfd&C\xfdk7\x19\xf6\x1f2}JR\xdei\x93}\xcb\x98\x1f?\xddu?\xc8\xd6\\\xf0\xa3\xf2\x18\x1fqY\xbb\xa7\xa9KR\xaa\xf9QCq\x14\x90\xc7<W0\xf9sD\xfb\xb6\x95\xdc\x1cr\xa4\x1c\x86Pz\xd5y.t\xb4\x87\xcb\xfb\n\xa2\x00p\xb19\\\x02s\x81\x90x\xf4\x1d\x06\x07\xa5{\x18\x1c\xef\x17\x97\xd0\xfa\xbd\x15\x17I\xcb\x9a\xcf\xb9\xe6\xe32\x8c.:\xb2\xc4UmUQ\xe5\xba\xec~:\xa2\x0c\x9e\xb9\xecs\xd2\xaf\x8b\xbb\xf5\x87`\x99\xca\x7f\xcf3\xca\xfdpk\xad\xa4\xf7Z\x9c\x17k\xa9cN\xb7\x8e\xe2G\xf3\x98\xed\x10\xbb\r\xbc\x1d\xe0\x1d\xab\xcf\xa9\xc6q\xda\xbd\xcb\xe1g\xc5\xdf\x1a|3\xba\x8e\xe2)&\x92\xd1p\x18\x8f\x98\xa2\x13\xf7Xth\xcf\xf7O\xe1\x8a\x9a\x90\xe7\\\xad\x17Jn\x12\xe6\xe8\xb7?R\xbc7\xf1GM\xf1\xcf\x84\x92\xf8\'\x933\xdb\x99<\xbev8\x1d^""{q\xca\x9eG\xbfZ\xf1M#O\xd2\x06\xa1q\xa8\xdd+\xac\x96jgI\xce\xed\xa9:\x93""\xc9#\x0e\x15>C\x92\xdcW\x8bR\xea|\xabs\xdb\xa5g\x1eg\xb3?U\xfc!\xe0\xf4\xbd\xf0\xbd\x8d\xf6\x89\xa8ZHYA\x96\xe5\x02\xcf\x0c\xdb\xb9b\xdbO\xcd\x92rp\xc3\xeb^\xab\xe0\x8d\x0fT\xf0\xb6\xa2\xdff\x8e\xda\x01r|\xeb\xbbx\x14\xc7n\xd2c\xe7\x92\x18\x99\x9b\xcb\xcbu\x19\xe7\xa9\xe6\xb8\xa9s\xd3\xb3\xbd\xa6\xe5\xf8\x1d\xb5e\n\x91i\xafv\xc7A\xaf\xf8\xff\x00_Q\xe4Z\xe9B\xf6f\xc9\x0b\xe6\xa4LT\x7f\x10\xdd\xc1\xaf\x8c?h\x8f\x1e^[xWPW\x82K\x1b\x94\xb2\x96I#r\x08*\x17\xaa\xb0\xe0\x8c\xf0qU^K\x10\xe1=\xa5\x17\xf7\x91\x87\xa7\xec9\x95\xee\x9a\xfb\x8f\xca\xcf\x81\xfe\x12\x8b\xc7\x1f\x10\xae\xe6\xba\x13Cogm\x9d\xc8>\xfb\xb9\xc0\xc9\xc7\x00rq\xdc\xd7\xea\x06\x91\xe0\xdd2\xc3\xe1-\xfd\xa4\x1e$\xb8\xb7\x8e\xe6\xe5D\xba\x7f\x95\x1b\x990\x0e\x08\x90\xa9e\xfa\x0e\xbd\xeb\xd6uoVz\xd9%\xf7\x9eb\xa6\xfd\x94.\xae\xdb\xd7\xc8\xf9\x8fU\xf85\x04\xacYu\' \x9e\xac\x9f\xd7\x02\xb8\x1dc\xe1\x04\x966\xf2L\xfa\x9d\xaaE\x1a\x96w\x90\x05U\x03\xbb\x1d\xd5\xcd\xed5\xd8\xea\xe5\xd0\xf9\xafXIn5\x07\x83M\xd3\xf5=k\xcb\'\xcc\x9a\xd2\xdeF\x8d}y\xc6r;\xf1RiZ$\xda\xcc\xc6\x18|\xa4\xb9_\xbfk)1\xcc\xa7\xd0\xa3\x80s[7ev\xf5[\xae\xc6\x0b\xdez+\'\xb3\xee]\xbd\xf0\x0f\x8a\xa0\xcem\t\xff\x00u\x94\xff\x00Z\xe6\xee<;\xe2Kc\xff\x00\x1e\xb7+\xee\xa3?\xca\x92\x9c_Q\xb8Mt2\xa4\x7f\x13\xda\x93\x8f\xb7\xc7\x8fM\xe3\xf9U9<O\xe2\xbbRq}\xa8\xc7\xeb\xfb\xc9\x07\xf5\xaa\xe5\x84\xba&+\xcduh\xf9R5\x1b\xbdGz\xb6\x8a\x86C\xce\x07b{\xfbq\x9ek\xd4G\x8e\xd9\xa9c([\x85\x0c\xbb\x97?2\x9e\xf9\xe2\xbdR{[MAt\xdb;Y^{\xa9\xcch\xca\xbc""\x1c\xed\x11\xe3\x1c\xb6q\xf3g\x14\xdfv\xfe@\x96\x9a-_S\xf5v\xfbK\xb7\xf0\x97\xc3\xe8-\x13nb\xb5\x8e\xd67\x07\xae\x17\r\xf9\x80s\xf5\xaf\x0f\xf8\x87~\xfe\x19\xf85\xab\xce\x18,\xda\xac\xabi\x06\x7f\x89\x0f\xdf\x03\xdfn\xfeMx\x0b\xf7\x98\x88\xf9\xb3\xe8%\xeeP\x97\x92>A\xf0\x1f\xc4\x7f\x16\xf8\x16q&\x95\xa9\xea\x1ad\xf9\xdd\xbe\xdag\x8f?\xef\x05#p\xf65\xfa\x19\xf0\xcf\xf6\xd8\xf8\xc9\xe1_\x06\xdcj\x9a\xa4\xd0\xeb\x91Kr\xb6\xb6\xebr\x8a\x8e\xd8\x05\xa4""X\xc2\x9c\x81\x80\t\xcf&\xbdJ\xb8jun\xe4\xad>\xe7\x97K\x13R\x9f\xbb{\xc3\xb1\xf5\xc7\x83?k\xdf\x80\x1f\x164\xebk}p.\x81\x7f\x19\x0c\x8d|\x82Kt\x94\x02\x16Xn@;\x19A8w\t\x8c\x9cu\xae\x1b\xf6\x84\xf8\x81\xf0\xb7\xc3\x9an\x9e_TM^\xc66\xfbE\xc4\xd0\xc8\xb7&kx0\xfe@l\x90\xdek\x85\x88n8%\xc6x\xaf\x17\x11\x86\xad\n\xb4\xa3\xd1=\x19\xec\xe1\xf14\xe5\n\x8f\xbe\xaf\xc8\xf9?\xc0\xff\x00\x1d.\xbcA\xa8\xdcj7\x1a\x02Y\x8dVs<\xaf\x13~\xf3g\xdd\x8dI\x94\xa0m\x88\x02\x83\x91\x9cg\xbd{\xf0\xf8\x8b\xe0\xe1j\xad\xe4\xdf\xeff\xc23Id\x15\x88\xc6QP\\3\x96\xe4t\x07\xe9]\xbfS\x8aIF\xa2vG\x1f\xd7\x1c\xa4\xe5(Z\xe1\xe2\xaf\xdb/\xc1\xdao\x87\xff\x00\xb1d\xd25+A\xc0\x96_\x95\x8b\xa8\x1d\x00m\xb8\x07\xb9\x04\xd7\x07\xf6\x1b/\x8bw:p\r%\xae\x9fq\x97A6\x17`\xc0o\xb4L\xb9#*3\xb4\x13\x81\xd4\xf3R\xf0\xf5(\xfe\xf2z\xc5-\x0c\xbd\xbc$\x95(\xbf~r\xd4\xfd\x15\xf8g\xe1\xaf\x87v\x9e\x1d[M \xda\xcb\x05\xa4J\x87\xca`\xc5@\x18\x05\x88\xf5\xf5=k\xe4\x8f\xdag\xe1\x8f\x87\xbcs\xa4\\_\xe9\x96\x17\x90k:X/a\xa9\xaca\x16b\xbc\x9br\t\x0f""7@v\x90\xa7\x9c\xe35\xc0\xa3*u#U\xbb7\xf1_\xaa=6\x9dH\xce\x9d\xb6\xdb\xc9\x9f+\xf8_\xc4\xfe\x1d\xd7\xfc7gs-\xfd\xacS\xcd\x17\xefbyUY]N\xd6\x18\'8\xc8\xe3\xda\xb5\xe6\xd3-.\xd0\x98\xe5\x8eQ\xea\xa40\xfc\xc5k>zsi\xad\x132\x84\xd4\xe2\x9a{\x85\xa7\xc3MgZ\x99\x16\x1bY\xdc\xc8p\xad\xb4\x85\xe7\xbeO\x18\xafcO\xd8\xc7\xc4\x97\xbap\x9d\xf5K\x1br\xcb\x96\x8eEc\xb7\xd8\x91\x9a\xa8\xd5dT\x9a\x8fK\x9f\x80\xeb3\n\xd2\xb6\xb6\x96\xe2\xdeiC\xc6\xa2\x10\x0b\xab0\x0cC\x1c\r\x8aynz\x85\xc9\x1dO\x19\xaf\xa0Z\x9f>\xcd\x9d\x12\x03=\xc8<\xe1Fk\xe9\xdf\xd9\xdf\xc3\x03\xc4\x7f\x15\xad\x0b.\xe8\xacA\x9eOO\x90d\x03\xff\x00\x02""\xa6\xa3\xb4$\xfb#jJ\xf3\x82\xee\xcf\xbf\xbe(k\xbaf\x98\x96\xd0\xdcO\x14\n\xaa\xd2\xbe\xf6\x00\x1c\x9d\xab\xd7\xa9\xe0\xf1\xef^9\xe3\xef\x8c\xbf\r\xae\xbe\x1fM\xa4[+\xeaS\xcbk\xb0\x1f,\x88RC\xcb8g\xc1\xdc\t%J\x83\xcfz\xf2(a\xebV\xa9\xcd\x05d\xbe\xd1\xeb\xd6\xc4R\xa5\x07\x19\xbb\xc9\xad\x8f\x89!\xb0\x86\x19\xd4nY\x14\xc7\xb8\x9e\x84\x13\xfc#\x9f\xd7\xb8\xae\xb7Q\xd7n\xf5/\x0e\xc1a\xbf\xcb\xb6\xb1b\xf1\'`H\xf9\xb8\xf7\xf5\xafe\xf5<s\x89:\x9d\xeb/\x92\x92eI\xe7\x19\xe0w\xcf\xd2\xbb\xaf\x01XKs}\x1cS\xcab\xd3.\xa5\x06\xe5\t\xf9fx\x89(\xb2\x7f\xb2O#\xb60k*\x90\x94\xe0\xec\xafmK\xa75\t&\xdd\xaf\xa1\xf5\xecv\xf1l\x01Uv\x81\x85\x00p\x07\xa0\xf6\xae\xe3\xc0\xdaF\xady\xe2[f\xb0\x82\x19\xeem\xc9\x9c,\x84\x08\xd4\'WrH\xe1z\xf5\xaf:O{\x9d}\x0c\xaf\x1e\xf8\x8bQ\xf1V\xb3>\xa3\xa8\xbcsNG\x96\x19F#T\x1f*\xacc\xb2\xf3\xc7~s]\x97\x87\xbc]\xe1o\x86\xde\x1b\x9bZ\xd5\xa4\x95`\xb7\xd9\x1c""8\xc4\xcf\xe60\xc2lBT\x13\x9erH\x03\xaekHA\xce\x94\xe2\xb7z#\x9a\xa5EO\x13A\xcb\xe1\x8b\xbb1\xb5\xdf\xdb\xe3S\xd3%1\xe8V\xb7\x17\x12\xca\x121u\xa9\x18\xcch\x00*\xcc\x90@\xaar\xd9\xc9\xcc\xac2\x06\x07Z\xf1}s\xf6\xd3\xf1\xe5\xfd\xf43]\xe8>\x1b\x9a\xf2\xcc\xb2\xc5u$W\x19\x19#$\x010\xeb\x81\xc7J_RZ\xf3\xc9\xeb\xa5\x96\xc7t\xb3\x19\xf3^\x11K\xcc\xf9\xf7M\xb4\xf0\x1f\x89\xed\xa7\xf1\x0f\x89\x96\xf2\xc7K\xbb\xd6nY\xad\xb4\xb5\xcb\xac\xae\xa1\xfc\x98\x04\x8d\xf2\xa37\x0b\x92q\x9f\xc6\xbc\xd3Z\x8f\xe1\xc6\xb1\xe3\x14\x8fB\xb4\xd6\xed\xb4\xc3n\xca#\xb9\xbc\x8d\xae\x1e\xe0)>a\x90E\xb5#\x07\x19L7\x19\xf9\xb9\xe3\xbe\x959JJ\x1ar%k\xf5l\xf3\'R\xdc\xd3\xbbO{v<\xe5\xef\xbcQe*\x8b{\xdb\xbc\x15\xceU\xc8\x03\x9fQ\xfaV\xcd\xaf\x8d\xbe""Y)\xdb\xaej1\xb0\xfe\x15\x9aC\xc7\xd3u9a\xe96\xef\x14\\*\xd6\xdf\x99\xa4y\xa4q\x96\x05\xbf\xbb\xcf\xbf\xd6\x9e\xd1\xcc\x91+\x10\xc1$\xce\xd2z0\x07\x19\x1e\xb85NJ\xeb\xcc\xcdE\xda\xeb[no\xe8\xfa\xbc\xd6w\xca\xec\xbe`r\x15\xd4\x0eH8\x07n?\x8b\xdf\xd7\xeb_A\xf8\x0f\xc7^!\xf0$Wm\xa74p\\\xdf\r\xb2\\\x95\r$i\x92v\xc7\x9c\x80O\x198\'\x8e*\xf9UD\xd4\xb6{\xf9\x92\xa7(5(\xee\xb6(j:\xb6\xa7\xad\xde\xb5\xc5\xe5\xcc\xd73\xb9\xc3K+\x97s\xed\xb9\x89\xe3\xda\xabI+F\x8a\xbbG\x0c\x0f\xb9\xfc{f\xb7IEY+$f\xdb\x93\xe6\x93\xbb}L\xfdI/\xcc\x82HW\xcfP\x0eUH\x0e\x9998\xce22I\xc6x$\xfd\x05h5\rA\xa5\x08m\xae7/\xdd\x8eH\xbeV\xe7\xf8\x98\x900:\x9eN}\xeb\'\x07~\xe8\xd3\x9di\xd1\xf57\x17K7cu\xe6\x0ex\x10\xc5\xf2\xa8\xff\x00g\xe5\xc1\xfe\\v\xae\xf1\\Ci\x1c1\xecX\xa3\\(\x1d1\xd3\x80~\x9cz\n\xb8\xc7\x91wor%.g\xd9#J\xc7\xc7\x1a\xb7\x87a\x02\x062\x92p!\x93%\x00\xeeH\x1d=\xb1\x8a\xfag\xe1\xb7\xc5\x0b+\x8d\x0e\xf5\x84\xc7O\xd4\xae\xa1\x16\xebm\xb47\x9b\x1b\xff\x00\xacd\x90\x8f\x94c\x8c}\xe3\x9e=k\xcf\xc5R\xe6\x93\x94\x16\xdf\x11\xd5F\xa5\x92\x8c\xde\xfb\x14\xef\xc7\xda\'H\xbd\xc1`\x7f\xba\x0e\x07\xeb\x8a\xc9\xf8\xe8\x12\xef\xe0\xbd\xd6\xd7eX/RBFx\xdav\xa88\xed\xf3\x01\xfa\xd6x\x7f\x8a\xdd\xccqn\xf5\xa2\xfb\x1f\x06+M%\x9aH\xe6R\xbd\x0c\xd1\x1c\xed\x1ds\xc6*\x1b\x99!\x13\xcePn\x8dI>{\xb1\x00\x96\xe4m\x07\xae{\n\xeb\x92)3\xd7\xec4g\x93\xe0D\xa94\xca\x1ek\xd3uk\x17VH\xd7\n\xc7\x9e\x85\xb1\xc7\xb75\xe0\xa2\xd1-\xf1\xb4w\',rrz\xd5S\xd1;\n\x9aS\xe6\x93\xd7Si\xfc9\xab\x1d _\x11\x11\xb7<\xe0K\x1f\x99\xb3w\x97\xe6\x18\x03y\x82=\xff\x00.\xf2\xbbs\xc6y\xaezT\x0b\xdb\xaa\xf6\xab\xbd\xcdQ\xc0yR#\x91\x91\x90py\xe2\xacE\xe7\xb4\x8a\xb9\'\x00\x85\x1dq\x9e\xb8\x1e\xf5\x96\x8fs6\xa5\x13\xbc\xd04\xc1n\xc2yq\xbf\x1f""\x1e\xde\xe7\xde\xbbXebJ\xf5\xe4\x12k\xa6+\x95\x18=Y\xa3\x04\x87##w\xa6{U\xd07\x03\xd4\x820@\xe3\xa5R\x11b\x17V\x1ft\xe0p_\'<\xf02E\\r\x8e\xe0c\xaf\xf1\x92O\xe6\x0f\xebL\x07\xc3\x17\x92wcq\xc8\x00\xb7_\xc2\xafE0\xdcI\xfb\xc7\x8cv\x07\xde\xa4e\xe8\x94\xa4,I\xe5\xbf\x88\xd5\x88o\x1c\x1d\x80\xfc\xc0\xe4\x10y\x1e\x9c\xd4G[\xbe\xe5K\xa7\x91\xeb\xba/\x89&\xd4P\xeeb\xf7\x0b\x0b\t\x1b\xdc\x02\xa0\x9f\xae\xe2~\xa2\xbdN\xe6\xda\xdb\xc4?\x0b\xb5\xabW\n\xe4B\xcf\xb0\xf2>Q\xbc~e0k\xcbo\xd9\xd7q\xec*\x8f\x9d\xa9\xbe\xad\x1es?\xeca\xe2\xcdcJ\x87V\xf0\x9d\xf5\xbc\xd6\x97\xd0,\x9fd\x9c\xf0\x15\xb9\xc2I\x82\x08\xfe\xeeFG\xf7\xab\x91\xbf\xfd\x8c|{\xa2xoT\xd4\xf5\xdb\x8b{u\xb4\xb1\x96K{XX\xbb4\x8a\x84\xa9\x91\xc8\x01Tc\x902O\xa8\xac^ehZQ\xfd\xee\xdeG\xb5\xfd\x9dy9F_\xba\xdf\xcc\xf9V\xd3\xc4\xfa\x841\xfd\x9er\xdb\x196g\xb0\xff\x00\n\xda\xf0\x96\x99\xe1M_\xc5V\xf6\xba\xce\xa9&\x95c( \xdd\xa4^o\xef2\x02\xa3\x9c\x8d\x8aA?9\x04\x02\x06p2GN2\xae&\x86\x0e\xbd\\\x1d5[\x15\x18\xde\x9d6\xed\xcc\xfb\x1ev\x15S\xe7\xe5\xab.Jm\xeb.\xc8\xdf\xf8\x8b\xe3\x1dC\xc26\xd3\xf8SG\xf1D\x9a\xbf\x86%\x93\xcfk]\xa4B\x93\xef\xc9Bq\x87e(\x18K\x1e\x15\x81\xce\x14\x92\xb5\xe2\xc3S\x86i\x00\xc0n\xbd?\xc2\xab.\xad[\x11\x81\xa3_\x15G\xea\xf8\xaa\x8a\xf5)\xff\x00+.\xb3\x8d:\xf2\xa7N^\xd2\x9azK\xb9\xc5o.0~\xb5\xd1h\xd0\xc5svI\x8caPz\xe06x=z\xfe\x95\xd9\x1d\xf69\xe5&\xfc\xacw\x83\xe4#\xa1\xcfa\xd8U\xdbiC\xb9<\xe3\xd7\xb9\x15\xa9\x91\xb1\x03\x06\x04p\x187\x07\xb7>\x95\xa4\x9f)\xceG<\xe0w\xe3\x92=\xaa\x90\x88\x8c\xac\\\x0c\xfc\xb9\xef\xdc\x8a\x9cL\xcb!*N\xc2p}sE\xc6\x8b\x9fo\x92\xe3\x82q\xb4`\xb7\\\x7f\xf5\xebZ\xc2%3\x16\x90\x9d\xa8\xb9 \xf4\xf4\x00T\xb7\xa3c[\xa2Y.\x9d\x94(\x1b\xb2\xc4\xb7\xb0\xec>\xb4\xb0]r\xe0\x03\xbc\xb6A\xf4\x03\xb7\xf5\xa2; \x96\xad\x9d\xa7\x85\xaf\n-\xd3/\xdf*\xa0\x1f\xf7\xb2?J\xf5M3\xc4gJ\xb6\xb8\x89\xce""\xbc\xb5x\\\x9e\x99|\x85\'\xfc\xf45\xe3bn\xb1o\xd4\xd2\xd7\xa6zO\xecQ\xf1\xca{-^O\x06\xea2\xa2\x06w}\x1d\xe48\x05\x81,\xf6\x99\xf5\xc6Z?\xc4zW\xd5\xff\x00\xb5\x06\xa7&\x95\xf0w^\xba&0\x06\x9d$j:\xfc\xd3\x0f-O\xe0Z\xbc\xfcU\'\x1cdc\xf6f\xd3G\xbd\x86\xac\xa5\x84r\x7f\x14\x13L\xfc\x0b\xb9\xde\xd8#o\x1c\x10\xc0\x9cg\xadU\xdf08.x=s\xd0W\xd0/=\xd1\xe0=o\xe6>\xdfF\xd5u\xddA""\xb5\x88O1R\xdb\x03*\x92\x00\xe7\x1b\x88\x1d*\xdd\xe7\x80\xfcd\x9c\xb6\x9d?^\xaaU\xbe\xbft\x9a\xcau\xe9\xd3\xa8\xa19\xa8\xbe\xcc\xea\xa3\x81\xc5W\xa5\xed\xa8\xd2\x94\xe0\x9d\xae\x97S\x84D\x07\xf8y\xae\x93K\xccc\xd0\x93\x93\xf4\xae\xeb[^\xa7\x15\xdb6\xd1\x80ps\xd4s\xfe\x15j+\xa3\x1eF9\xcf\x1e\xbf\\\xd1q\x1bV\x939\x19<d\x13\xefZ\xdam\xa6\xa1\xab\xeaQ[YAquw+\x84\x82\xda\x152K#\x1f\xe0DPI>\xc2\x9d\xc3\xa9\xec\xde\x19\xf0\x16\x85\xa4jO\x07\x89\xae\xf4[cp\xbeX\xb57L\xd7\xd6\xd2\x13\x8d\xe1`&$\x95z\x18\xae\x9e0\x0f\x0cW\xadu\xfe\x1c\xf8W\xe0\x14\xf1\xee\xab\xa6_\\\xea\x97\x16V^\x1ck\xf8e\xb5h|\xfb\xa7\x8dQ\xee&\xb6\xc8h\xde(\xe2\xf3gTF`\xeb\x1e\xc1(\xce\xe1V[\xf5\x19\xe7\x9e8\xf8S\xe2\xbf\x87\xb7rKqis.\x92\xf2\x85\xb0\xd7\x16\x19\x05\x85\xecn\xbed3[\xca\xc0\x02%\x8c\x87\x0b\x9d\xc0d\x1eA\xaf6}p\xa5\xb3\x83\xcb<\x9c\x01\xfcG\xa0\xfc\xf3Q-\xad\xdckrk[\xd2\xcb\x8c\x968 \x91\xd0\xb1\xedW\xe1\x91\xc3\x1c\x13\x8e~olsTOVu\xde\x12\x91\xa6\xb8\xb8Tfq\x1c\x05\xdb\xdb\x0c\x07\xf5\xad?\x1bO*[\xc4\x83v\x0cL\xf9\xc1\xe4\xaa\xe0~\xa6\xbc\x9cL/\x8aL\xb5/v\xddO\x06\x97S\xd5t\xcdR\x1dB\xd5\xe4K\xa8\xa4YU\xd4\x95\x91$S\x95\x96&\x1d\x1b<\xfdk\xf4\x17\xe2\x87\xc7\xfd/\xe3\x07\xec\x99$\xbeb\xc7\xac\xa5\xed\xad\xa6\xb3i\xf7Yd\r\xe6\t\xd5\x7f\xe7\x9c\xbb2;\x03\x95\xedS\x8a\xa1\xcf:\x15V\xf0\x92\xbf\xa1\xd9\x85\xac\xe1\n\xd4\xdf\xda\x8b\xb7\xa9\xf9\xb0\xea\xe87\xe7\xaf;\xbd>\xa2\xa5\xfb<\x17Q\x96N%Q\x97\x8f\xb3\x01\xd5\x90\xfbw\x15\xdb%g\xcd\xf7\x9c\xa5;MF}2\xfa;\x88\\\xa4\x91\xba\xbcN;\x11\xfc\xc7\xa8\xaf\xb2\xfc?\xe2\xa8<C\xa3\xc1u\x18U,\xbbe^\xc8\xe0|\xc0\x0fc\xd3\xb9\x15\xe4f\xf4\xaf\x1au\xad\xaa\xd1\x9fY\xc2\xd8\x97\x19\xd6\xc27\xa4\x972\xf5G\xc1\x08\xa4\x8e\xa7\x15\xa5\x04\x84\x10s\xed^\xfd\xcf\x8f5V`\xf9=\xc5}\x07\xfb6\xdc|3\xd4||\xbag\x89tIut\xd4@[\x06\x8aFYa\xb9M\xcc\xaa\xb1\x86Q/\x9ap\x9e[\x1c\x13\x81\xde\x9az\xab\x81\xf6\xe7\x8c\xb4\x8f\x87~w\x87\xc6\x9bg`\xa7Z\xd5\xad \xb8\x85\xac!\x8aK\x88\xa6\x99a0L\xf1/\x91\xbaX\xd9\xd9\x96\xdc\x0f""X[i\x1cc\xcf\xae\x7fg\xef\x88~\x10\xf8\\l\xfc<\xda.\xa5\xab\xea\x7fi\xb6\xf14h\xed\x0e\xa1\x12\xac\xaa\xd0\x9bK\x8b\x83\x0em\xda5\xda\xf1\xa0\xda\xe4\xb6\xfd\xe3n\xdd\x1e\xba\xa5\xa8\xedvxw\x88?e\x0f\x8c>\x17\xf0Rk\xf7k\xa5\x9br$\xf3\xed\xa2\xbc\x8a[\x9bc\x1cm.\xcb\x94BUY\xa3VeP\xc4\xf1\x83\x82@\xa9\xbe\x0c|@h \xb4\x92r\xd2\\\xf8>\xfa-OM \x02\xf2\xe9\xbeh\x1a\x9e\x96s\xf7\xa3u\x7f8#e\x15D\xdc|\xe6\xa3T\xf5\x0b\x1f\xa6_\xb6\xc6\x87k\xa1\xfd\x9b\xc7\x9a/\xd8\xee\xbc\x1b\xe2o\x07M\xa5\xeb\x11""#[+}\x9d\xdbJ\xbc\x85H\xc2\xc9\xbd\x95au\x00\xa3(\x19\x1b\x8d~\x18\xd9K%\xcc\xed+d*\x92\xb1\x8f\xd0\xb7\xd4\xf4\x14\xb5v\xbe\xe8\x1f\xe6o\xdbI\xb5\x83\x13\xf2\xfa\xd6\xaa\xdfE""\x10\xc0\x80>\xea\x93\xc9=\xcb{{SO\xb8\x8fP\xf8E<W\x1a\xed\xc4\x05A3\xd9:}\x0e\xf5#\xf9`\nO\x8b\x8f&\x9d\x7f\x13\x05>R\xb8U=\x88\n\xa4\x83\xeek\x86\xaa\xbe!\x13\xf6\x8f\x0c\xbbb\xa3\x9eJ\x923\xd8\x8e\xc4V4\xd7\xf7\x906F\x1dz\x18\xdf\xe6R==\xbf\x0eke\xaa5\xf3\xea-\xd5\xc4w\nJ\xa0A\xfd\xd5\'\x03\xf3\xc9\xfdk>\xdaV\x82Up\xcd\x95=\xf9\xfc\x0f\xd6\x87\xb3OQ\x94\xae\x98$\xbbGB2\xbd\xff\x00\x0f\xc2\xba\x1f\x0cx\xa6\xf3\xc3\xb7\x81\xd4\x97\x88\xe4K\t\'k\x03\xdf\x1f\xde\x1d\x8deZ\x92\xabJT\xe5\xd4\xe8\xc2\xe2\'\x85\xc4\xc3\x11\r\xe0\xf5]\xd7c\xc5>\xd5s\xff\x00=$\xfc\xcd/\xda\xee\xbf\xe7\xac\x9f\xf7\xd1\xad\xae\xfb\x9c\xa3\xfe\xdf}\x9f\xf5\xd2\xff\x00\xdfF\x9f\x0e\xa9\xa9\xdb\xce\xb2\xc7q<r\xa3\x06I\x15\xd82\xb09\x0c\xa4\x1c\x82\x0fCE\xdfp:\rC\xc7\xfe;\xd5o\xa3\xb9\xba\xd6\xf5{\x9b\x98\x90\xa4W\x12\xdc\xca\xf2\xa26w*;1 \x1c\x9c\x81\xd7&\xbaq\xf1\xd7\xe3r\xe9\x91Y\x0f\x19x\xa8Y\xc1\x00\x86\x0bA\xa8\xdc\xf9\x11\xc2\xb8\x02\x14\x8f~\xd5A\x81\x85\x03\x03\x03\xd2\x8eiw\x0f>\xa6\x1c\x9f\x13\xfe%Mc5\xab\xf8\x87\\kk\x86&{sw1\x8aBT\xa12&\xec1\xdaJ\xe4\xf6$t\xaev\xd3\xc4\x1a\xf5\x84\x8c\xf0^\xdd\xc2\xcd\x1b\xc6\xcd\x1c\xac\xa4\xc7""\x94\x91\t\x07\xee\xba\x92\xac:\x10H<P\xe5\'\xabz\x81\xb3y\xf1\x0b\xc7\xda\x8f\x87\xad\xf4\x8b\x8dsX\x9fI\xb4\x94\xc9k\xa5\xc9s+ZC#gt\x91@X\xa21\xc9\xcb\x00\t\xcds\xcb\xaa\xea\x880.n\x00=p\xed\xfe4]\xf7\x01\xdf\xdb\x1a\xbf\xfc\xfd\\\xff\x00\xdfm\xfe4\xbf\xdb:\xbf\xfc\xfd\xdc\xf3\xd7\xf7\x8d\xfe4]\xf7\x02\xdd\x97\x8a<M\xa6\xcf\xe6\xdbj7\xf6\xf2\x0e\x92E3\xa3\x0f\xc4\x10j{\xff\x00\x18\xf8\xbbT\x00]j\xba\x95\xc8\r\x90%\x9eG\x00\xe3\x19\x1b\x89\xe7\x1cT\xb4\x9b\xbbZ\xf7\x031\xb5}Y\xfa\xdd\\\x1e\xdc\xbbt\xfc\xea3\xa8\xea\r\xd6y\x8f\xfc\x08\xff\x00\x8d0\x13\xfbB\xfc\x7f\xcby\xbf\xef\xa3I\xfd\xa1\x7f\xff\x00=\xe6\xff\x00\xbe\x8d\x00#_^\xb9\xe6iN:e\x8d\'\xdb.\xff\x00\xe7\xac\x9f\xf7\xd1\xa0.V\xa2\x80\n(\x00\xa2\x80\n(\x00\xa2\x80\n(\x00\xa2\x80\n(\x00\xa2\x80\n(\x03\xff\xd9'"
image/DSC00665.jpg,Image ImageDescription,                               
image/DSC00665.jpg,Image Make,SONY
image/DSC00665.jpg,Image Model,ILCE-5000
image/DSC00665.jpg,Image Orientation,Horizontal (normal)
image/DSC00665.jpg,Image XResolution,350
image/DSC00665.jpg,Image YResolution,350
image/DSC00665.jpg,Image ResolutionUnit,Pixels/Inch
image/DSC00665.jpg,Image Software,ILCE-5000 v1.10
image/DSC00665.jpg,Image DateTime,2014:01:01 07:08:18
image/DSC00665.jpg,Image YCbCrPositioning,Co-sited
image/DSC00665.jpg,Image ExifOffset,364
image/DSC00665.jpg,Image PrintIM,"[80, 114, 105, 110, 116, 73, 77, 0, 48, 51, 48, 48, 0, 0, 3, 0, 2, 0, 1, 0, ... ]"
image/DSC00665.jpg,Thumbnail Compression,JPEG (old-style)
image/DSC00665.jpg,Thumbnail ImageDescription,                               
image/DSC00665.jpg,Thumbnail Make,SONY
image/DSC00665.jpg,Thumbnail Model,ILCE-5000
image/DSC00665.jpg,Thumbnail Orientation,Horizontal (normal)
image/DSC00665.jpg,Thumbnail XResolution,72
image/DSC00665.jpg,Thumbnail YResolution,72
image/DSC00665.jpg,Thumbnail ResolutionUnit,Pixels/Inch
image/DSC00665.jpg,Thumbnail Software,ILCE-5000 v1.10
image/DSC00665.jpg,Thumbnail DateTime,2014:01:01 07:08:18
image/DSC00665.jpg,Thumbnail JPEGInterchangeFormat,38448
image/DSC00665.jpg,Thumbnail JPEGInterchangeFormatLength,8542
image/DSC00665.jpg,Thumbnail YCbCrPositioning,Co-sited
image/DSC00665.jpg,EXIF ExposureTime,1/50
image/DSC00665.jpg,EXIF FNumber,7/2
image/DSC00665.jpg,EXIF ExposureProgram,Program Normal
image/DSC00665.jpg,EXIF ISOSpeedRatings,3200
image/DSC00665.jpg,EXIF SensitivityType,Recommended Exposure Index
image/DSC00665.jpg,EXIF RecommendedExposureIndex,3200
image/DSC00665.jpg,EXIF ExifVersion,0230
image/DSC00665.jpg,EXIF DateTimeOriginal,2014:01:01 07:08:18
image/DSC00665.jpg,EXIF DateTimeDigitized,2014:01:01 07:08:18
image/DSC00665.jpg,EXIF ComponentsConfiguration,YCbCr
image/DSC00665.jpg,EXIF CompressedBitsPerPixel,1
image/DSC00665.jpg,EXIF BrightnessValue,-357/320
image/DSC00665.jpg,EXIF ExposureBiasValue,0
image/DSC00665.jpg,EXIF MaxApertureValue,463/128
image/DSC00665.jpg,EXIF MeteringMode,Pattern
image/DSC00665.jpg,EXIF LightSource,Unknown
image/DSC00665.jpg,EXIF Flash,"Flash did not fire, auto mode"
image/DSC00665.jpg,EXIF FocalLength,16
image/DSC00665.jpg,EXIF MakerNote,"[83, 79, 78, 89, 32, 68, 83, 67, 32, 0, 0, 0, 94, 0, 3, 16, 4, 0, 16, 0, ... ]"
image/DSC00665.jpg,EXIF UserComment,
image/DSC00665.jpg,EXIF FlashPixVersion,0100
image/DSC00665.jpg,EXIF ColorSpace,sRGB
image/DSC00665.jpg,EXIF ExifImageWidth,5456
image/DSC00665.jpg,EXIF ExifImageLength,3064
image/DSC00665.jpg,Interoperability InteroperabilityIndex,R98
image/DSC00665.jpg,Interoperability InteroperabilityVersion,"[48, 49, 48, 48]"
image/DSC00665.jpg,EXIF InteroperabilityOffset,38156
image/DSC00665.jpg,EXIF FileSource,Digital Camera
image/DSC00665.jpg,EXIF SceneType,Directly Photographed
image/DSC00665.jpg,EXIF CustomRendered,Normal
image/DSC00665.jpg,EXIF ExposureMode,Auto Exposure
image/DSC00665.jpg,EXIF WhiteBalance,Auto
image/DSC00665.jpg,EXIF DigitalZoomRatio,1
image/DSC00665.jpg,EXIF FocalLengthIn35mmFilm,24
image/DSC00665.jpg,EXIF SceneCaptureType,Standard
image/DSC00665.jpg,EXIF Contrast,Normal
image/DSC00665.jpg,EXIF Saturation,Normal
image/DSC00665.jpg,EXIF Sharpness,Normal
image/DSC00665.jpg,EXIF LensSpecification,"[16, 50, 7/2, 28/5]"
image/DSC00665.jpg,EXIF LensModel,E PZ 16-50mm F3.5-5.6 OSS
image/DSC00665.jpg,JPEGThumbnail,"b'\xff\xd8\xff\xdb\x00\x84\x00\x02\x02\x02\x02\x02\x02\x04\x04\x04\x04\x04\x04\x04\x04\x04\x08\x06\x04\x04\x06\x08\n\x08\x06\x06\x06\x08\n\x0e\n\x08\x06\x06\x08\n\x0e\x0e\x0c\n\x08\n\x0c\x0e\x10\x0c\n\n\x0c\x10\x10\x0e\x0e\x0e\x10\x12\x10\x10\x12\x14\x14\x14\x18\x18\x1c\x01\x04\x04\x04\x04\x04\x04\x06\x04\x04\x06\x0c\x06\x04\x06\x0c\x18\x0c\x08\x08\x0c\x18\x1e\x18\x0e\n\x0e\x18\x1e\x1e\x1e\x1a\x12\x12\x1a\x1e\x1e\x1e\x1e\x1e\x1c\x1e\x1e\x1e\x1e\x1e\x1e\x1e\x1e\x1e\x1e\x1e\x1e\x1e\x1e\x1e\x1e\x1e\x1e\x1e\x1e\x1e\x1e\x1e\x1e\xff\xc4\x01\xa2\x00\x00\x01\x05\x01\x01\x01\x01\x01\x01\x00\x00\x00\x00\x00\x00\x00\x00\x01\x02\x03\x04\x05\x06\x07\x08\t\n\x0b\x10\x00\x02\x01\x03\x03\x02\x04\x03\x05\x05\x04\x04\x00\x00\x01}\x01\x02\x03\x00\x04\x11\x05\x12!1A\x06\x13Qa\x07""q\x142\x81\x91\xa1\x08#B\xb1\xc1\x15R\xd1\xf0$3br\x82\t\n\x16\x17\x18\x19\x1a%&\'()*456789:CDEFGHIJSTUVWXYZcdefghijstuvwxyz\x83\x84\x85\x86\x87\x88\x89\x8a\x92\x93\x94\x95\x96\x97\x98\x99\x9a\xa2\xa3\xa4\xa5\xa6\xa7\xa8\xa9\xaa\xb2\xb3\xb4\xb5\xb6\xb7\xb8\xb9\xba\xc2\xc3\xc4\xc5\xc6\xc7\xc8\xc9\xca\xd2\xd3\xd4\xd5\xd6\xd7\xd8\xd9\xda\xe1\xe2\xe3\xe4\xe5\xe6\xe7\xe8\xe9\xea\xf1\xf2\xf3\xf4\xf5\xf6\xf7\xf8\xf9\xfa\x01\x00\x03\x01\x01\x01\x01\x01\x01\x01\x01\x01\x00\x00\x00\x00\x00\x00\x01\x02\x03\x04\x05\x06\x07\x08\t\n\x0b\x11\x00\x02\x01\x02\x04\x04\x03\x04\x07\x05\x04\x04\x00\x01\x02w\x00\x01\x02\x03\x11\x04\x05!1\x06\x12AQ\x07aq\x13""2\x81\x08\x14B\x91\xa1\xb1\xc1\t#3R\xf0\x15br\xd1\n\x16$4\xe1%\xf1\x17\x18\x19\x1a&\'()*56789:CDEFGHIJSTUVWXYZcdefghijstuvwxyz\x82\x83\x84\x85\x86\x87\x88\x89\x8a\x92\x93\x94\x95\x96\x97\x98\x99\x9a\xa2\xa3\xa4\xa5\xa6\xa7\xa8\xa9\xaa\xb2\xb3\xb4\xb5\xb6\xb7\xb8\xb9\xba\xc2\xc3\xc4\xc5\xc6\xc7\xc8\xc9\xca\xd2\xd3\xd4\xd5\xd6\xd7\xd8\xd9\xda\xe2\xe3\xe4\xe5\xe6\xe7\xe8\xe9\xea\xf2\xf3\xf4\xf5\xf6\xf7\xf8\xf9\xfa\xff\xc0\x00\x11\x08\x00x\x00\xa0\x03\x01!\x00\x02\x11\x01\x03\x11\x01\xff\xda\x00\x0c\x03\x01\x00\x02\x11\x03\x11\x00?\x00\xfe\x7f\xe8\xa0\x02\x8a\x00(\xa0\x02\x8a\x00(\xa0\x02\x8a\x00(\xa0\x02\x8a\x00(\xa0\x02\x8a\x00\xd6}\x07]\x8c\xfc\xd6Wj}\xe3a\xfd(\x1a\x0e\xb8\xdd,\xae\xcf\xfd\xb3o\xf0\xabt\xea^\xce\x0e\xe2\xe6\x8b\xd6\xe5K\x8b\x1b\xebV\xc4\xb0\xcb\x19=\x9dH?\xad\x11X\xdf\\\x0c\xa42\xb8\xcf%T\x91\xfaT?w\xe2\xd1\x8dk\xb6\xa7Y\xa2\xfc4\xf8\x8f\xe2X\x1a];\xc3\xfa\xde\xa1\x1a6\xd7\x92\xda\xd2iU[\xd0\x94R\x01\xf6\xad\xa3\xf0C\xe3O\xfd\n\x1e(\xff\x00\xc1}\xcf\xff\x00\x11Y\xba\xd4S\xb3\x9aMy\x95\xcb?\xe5b7\xc1\x0f\x8d*2|!\xe2\x80;\x93\xa7\xdc\xe3\xff\x00@\xae/W\xf0\xcf\x894\x0b\xbf""\xff\x00O\xbe\xb2\x9f\x19\xf2n""x\xe4\xc1\xe8v\xb0\x07\x14*\xd4\xa4\xed\x19\xa6\xfdC\x96\x7f\xca\xca\x7f\xd9Z\xaf\xfc\xfb\\\x7f\xdf\r\xfe\x14\r\'U\'\xfe=\xae\t\xff\x00q\xbf\xc2\xab\x9e\x1f\xcc\x83\x96]\x8dV\xf0o\x8c\x14d\xe9Z\x90\x1dr`\x93\x18\xf5\xe9Y\x0f\xa6jQ\xb9V\xb7\x9dX\x1c0(\xd9\x07\xb8<u\xa4\xaaS{I0p\x9a\xde,o\xf6~\xa0O\xfa\x89\xbf\xef\x93J\xdan\xa2\xbd`\x9c}T\xff\x00\x85W4{\x87,\xbb\t\xfd\x9f\xa8\x1f\xf9a7\xfd\xf2jd\xd1\xb5\x89\x13r\xda\\\xb2\xe7\x1b\x84lF}3\x8aNq\xeb$\x1c\xb2\xecZ\x83\xc3>%\xba$G\xa7\xdfH@\xc9\xdb\x13\x9c\x0fS\x81S\xff\x00\xc2\x1f\xe2\xe2q\xfd\x97\xa9\x13\xff\x00\\$\xff\x00\n^\xd6\x9f\xf3\xa0\xe4\x9f\xf2\xb2\xc2x\x13\xc7\x12\xfd\xdd\x1bVo\xa5\xbc\xa7\xff\x00e\xa9\x8f\xc3\xcf\x1f\x8e\xba\x1e\xb1\xff\x00\x80\xd2\xff\x00\xf14\xbd\xb5/\xe7_xrO\xf9Y\xeeS\xcd+\xc8\xe42\xc8\xa1\x8e@\xe4\x0e\xdd\x0f \xfb\xd30\x92\xc7\xf2\xb6\xc6=3\xf7s\xec{W\xb9+\xb9\xbeo\xbc\xe3_\x0e\x9b\x90\xdc\xd8Ay\x01K\x94\xdcy\x01\x88\xceG\xaf\xbf\xd7\xadp\xd7~\x12\xbb\xb5\x9f\xcd\xd3\xa5bw\x00c\xcf9=\xb9\xfe\xbcV5\xa8*\xca\xd6\xfd\xe7\xe6\\jr;\xdfC\xab\xf0\'\xc5_\x14\xfc=\xd7\x96h\'\x9fL\xbdB\x03\x9f\xf9e \xfe\xec\xa8x*}\xf2;\xf1_\xaa_\x07\x7fjo\nx\xf4Ee\xab\x98\xb4\xbdM\xf0\x12B\x7f\xd1n\x18\xff\x00\xcf7?q\x8f\xf7[\xf0&\xbeg\x1b\x85\x94d\xdd\xad8\xee\x8fF\x95E5\xbe\x8c\xfa\xc1\x93\xe5\xf5S^\x0b\xf1\x97\xe0o\x85\xbe+h\xcd\x15\xc4A.P\x13ot\x80y\x917\xaa\x9e\xe0\xf7S\xc1\xfa\xd7\x9b\t8IIn\x8d\xb7?#|y\xe0\x0f\x14\xfc\'\xd6\xcd\x86\xab\x1b\x18\x19\x8f\xd9/\x94\x1f.E\x1e\x87\xb1\x1d\xd7\xa8\xfaW6\x14\xf0G\xd4\x11\xdf\xe9^\xa4d\xa4\x94\xd6\xcc\x87\xf8\x9e\xb1\xe0\xff\x00\x154\xd1\x0b+\x96\xf9\x80\xc5\xbb\x9e\xe3\xfey\xb1\xff\x00\xd0\x7f*\xe6~!\xf8x)7\xb0\x8cv\x9dG\xa7\xf7\xfe\xa3\xbf\xe7Y/r\xaf\x93)\xbb\xc7\xcd\x1e\x17s\xae\xc6\x8d\xf2\r\xc4w\xed\x9ap\xf1\x19\x98\x00\xea\xa0g\xa8\xcek\xbdSmj\xf59\x9d[=\xae\x8e\xefB\xb4meI\xb3\x87\xce \xe1\xdd\xf1\x85>\x87?(\xfcs^\xa1\xa5x\x12\xe2\xe2@\xf7s\xb3\xe3\xfeY\xa7O\xa6\xe3\xfd\x05q\xd5\x9f+k\xed#\xa2\x0b\x99\'\xd1\x9e\xbb\xa6\xe8\x8bon#\x8d\x04i\xfd\xd1\xd4\xfb\xb1\xefZ\xf1\xc7\xa1i\xee>\xd5{enq\xc8\x96TC\xf9\x13\x9a\xe5\xbc\xa4\xf4Wf\xba\x1d\x0f\xfc-\x0f\x83\xbe\x1f\xb7\x1ef\xa9%\xe3\x81\x83\x1d\x95\xbc\x8e\xc0\xfan\x94D\x84{\x865\xe6\xde""\xfd\xa2\xf4\x17}\xbav\x95;\xa8\xe9-\xcc\x8a\xa4\xfb\x94@\xd8\xff\x00\xbe\xabUA\xc9{\xce\xc6|\xda\x99\x7f\x18|?\xf0V\xc9mu\x0f\t_\xeb\x0b-\xcc\xcf\xf6\x9d\x0bQ\x8c\x17\xb6N\xa9$wq\x10\xb2)\xe9\xb7\x01\x862k\xcc \xd1<B\xda2\xea2X]6\x9e\xd2\xb4+~#a\t\x99@f\x88K\x8d\xa5\xd40,\xb9\xc8\x04z\xd7\xd5FU)\'\x0cE\x94\xd3\xb7\x93\xf3<\x84\xe1R*t\x9d\xe2\xd0[\x07S\xba$7\x19tE\x84\xf5fc\x8c\x00z\x9f\xa7\xadm\xe9\xd0\xdb\xb7\x89\x8c^Y\xb7\x9a;\x92\xb2\xc2G\xddh\xc9\xdc\xa4uR1\xc8\xae\x9a/\xf7\x90Of\xf4~fsk\xde\xee\x96\xa8\xd9\xd4\xfc5a\xe2\x8b\x99\xedo\xad\xa3P\x9c\xdb\\\xaf\r\xb4\xf1\x80G\xf3\x1f\x95x\xa6\xbf\xe1m_\xc0\xcb\xe7\xdb\\\xa5\xf5\x8f\x9aQ\x94\x1c\xb2?u8\xe8}\xc7\xe5[\xe6x%^\x8b\xc4\xdb\x92\xb4w_\xcc\xbb\x98\xe11\x0e\x9dEOxKo#\xea?\x81\x7f\xb5\xf6\xbd\xe1\x01\x15\x85\xf9\x93S\xd3\x17\xe56\xd2\xb7\xfaL\x0b\xebn\xe7\xef(\xfe\xe3q\xee+\xf5\x03\xc1\xfe9\xf0\x9f\xc4] _h\xf7q\xdc\xc7\xff\x00-#\x1cK\x13\x1f\xe0\x99\x0f*~\xbc\x1e\xc4\xd7\xc1b\xa8:R\xe7K\xdd{\xf9\x1e\xf4\'\xcc\xbc\xcc/\x88?\x0e\xfc7\xf1\x0fD\x9a\xc7R\xb7I\xa3\x94w\x1c\xabve=C\x0e\xc4s_\x91\xff\x00\x16\xfe\x0b\xf8\x9f\xe0\xb6\xa8|\xc5\x92\xf3E\x95\xff\x00\xd1\xef\x00\xc9\x8b=\x12\\t>\x87\xa1\xed\xcf\x14\xb0\xd5,\xdd9l\xf6\xf5)\xf7<\xbd\\\x10\x1d\x1b \xf2\x18\x7fJ\xb9\xe3o\x15\\^\xf8L@\xc7\xf7\xcd*\xa4\x8d\xdd\xd3\x1f{\xeb\xd9\xbdk\xadG\x9aq\xbfFL\x9f\xba\xca\xbe\x08\xf8\x0b\xe2\xcf\x19,N\n\xc1\x1c\xac\x00-\xc9\x00\xf7#\xb5}\xa1\xa4\xff\x00\xc19\xef\xb5\x7f\x0b5\xccz\xd87\xc0\x9cE\xe5\xfe\xe8\x01\xfd\xe6\xcer{b\xb0\xaf\x9a\xc6\x15\x1c)\xc7\x9b\x97vtC.n\x9a\x9c\xe5f\xcf\x8a\xbcC\xe1\xaf\x17\xfc\x0e\xf1\xb4\xb6WX\xf3a\x93d\xab\xc9\x8aT#!\xbd\xf89\x1e\x95\xbb?\xc4O\x10\xb8\xf9n\x16!\xe8\x8a\x07\xeark\xa2j\x15\xd4+\xa5\xf1#\x9e<\xd4\xdc\xa9\xbd\xe2\xcej\xff\x00\xc5:\x9d\xeeD\xd7w\x12\x83\xd9\x9c\x91\xf9V\'\xdb\x1d\xfe\xe2\xb3g\xd0SQK\xa5\x86\xe4\xc9\x16\x1dV\xe1\xbeH\\\xd5\xe8\xbc1\xe2;\xa3\xc4M\xcf\xb5>hGv\x16\x93>\xeb\xd0\x7fg\xcf\x12|S\xd6\xad\xf4\xed%\xf4\x8dF\xee\xe2\xd1\xeeR\xea\xcem\xcac\x0c#\x0b*\x91\xfb\xb6\xde\xc3\xa9#\x9a\xda\xf0g\x8d>""|\x0c\xb9\xbd\xd0t\xfdU\x17t\x8cu-\x02\xf1C\xdbM(!Z9-g\x05\x1c\x9d\xa3\xe7P\t\x00a\xbaW\xd1J\x9d9\xd4\x9d<B\xe7\x87u\xf9\xa3\xc5\x8dG:0\xa9I\xfb*\xaf\xec\xbf\xd4\xf2/\x05\xe9Px\xa3\xe2:\xbc\x8feb\xff\x00\xda\xd0\xc8\xb6I\x13""J\xedr\xa1\xad\xedP)\n\x17\x92\x01 \x05\x1ds\x81L\xf8\xc5\xf0wV\x93\xc47w\x96\xe9}\x05\xc5\xdd\xfc\xd2\xee)\xb6&/!bC\x82s\xd4`\x8e\xe6\xb4\xa6\xa9\xcf\x0f\x1a\x12\x9f-^or\xfb\xca\xc9m\xf7\x91W\xdbC\x11*\xd1\x874\x12\xf7\xed\xb4n\xde\xff\x00q\xca\x9f\xed=\x0b\xe2N\xaf\xa3G+\xcdca;G\x14\x92\xe0\xcb\x94!N\xe6\x18\x04g=G\xe3\\w\xc4\xdb\x05\xd3l\x94\xc6\xa5~\xd1s\xe6I\x96%I\x00\xe3nG|\xf4\xc9\xafO\x11\'S\x01U\xc9\xdf\xd9\xb7\x18\xbe\xea\xf6\xd4\xc2\x82\xb5zN\xd6sI\xb5\xe6q\x03\xc3ZV\xa9\xa6[\xca\xc1\xed\xe5e\x18\xb8Ny\xcf\x05\xbd\x7f\x9dhxo\xc7>;\xf8K\xaeCs\x15\xd4\xb0\xb8\xff\x00Ww\x0bgr\xe7\x95\x95z:\x9e\xe1\xb2>\xb5\xf3\xd8\xbc,gIM.\x9e\xf2=JU\\e\xca\xf5?J\xfe\x16~\xd7>\x1c\xf1\xb5\x9cv\xfa\xb7\x93a~p\xabt\xa7\x16\xb37\xbey\x89\xff\x00\xd9n=\xfbW\xb3\xebZ\x86\x85\xe2[Ilu\x18\xa3\x9a\xdet*w\x00T\x83\xd9\x81\xeck\xe5\xaa\xd2\x95)\xdb\xeeg\xa3\x17\xcc\xae~`\xfcu\xf8;7\xc2]S\xedzs\xfd\xa3G\xb9m\xdeI9x2{7t\xf4=}s\xd6\xbcM\xb4\xc9\xf5cn\xd1\x8d\xfbn\x11\xf6\xf6\xdb\x9eK\x1e\xc2\xbb!QJ\n\xa3\xdff+;\xf2\xf7\xd8\xfbK\xe0g\x8c\xbcQ?\x89-\xb4{\x18t\xcb\xe6\xb9\x91QZ-\xd9\x88\x9e\x81\xd9\x86\x0f\xd4W\xd6\xb6\xfa\xaf\xc6?\x0bx\xe1t\xadJ/\x14K\xe6!6\xa9\xa5\xc1\x1bYd\xff\x00\xcffb\xa4\x8f|\xfe\x15\xe3\xd4\xa7\x18\xd6\x92\x8a\xb3j\xfe\xf7C\xd8R\xe7\xa4\xb9\xdd\xed\xdb\xa9\xe5\xbf\xb6\'\xc1\xfb\xadr\xd7I\xbd[9\x9bU\xbc""\xdeT\xdb\xfb\xcc\xe3r\x97U\xe8UCn=\x00\x19<\n\xf8\xbe\xc7\xe0\x83\xb3bM\xc4\x83\xcezWN\x1b\x15\xcb\x86\x84\x1b\xf7\xa3}<\x8e*\xd4oZSK\xdd}N\xda\xc3\xe0e\x89 \xb2\x8a\xfa\x9f\xe0\'\xec\x9b\xe0\xdf\x1d\xf8\xd1,\xf5\'\x96+$\x8d\xa4\x9eh\xb6\xa9\x01z\x02\xcc\x08\\\x9e\xe6\xb6\xa7ZUjF-\xe8\xf71\xa8\xb9 \xe4\x96\xa8\xfag\xe3\xb7\xc1?\xd8\xfb\xe1g\x84\xe3\xb6\xd2\xae,$\xd6\x9aA\xbey/\x96G\x89\x07-\xe6(`\x80\x9e\x80\x11_\x11K\xaf|\x1d\xd3d\t\xfd\xa5\xa7\xbb\x93\x85X\xd8H\xc5\xbb\x00\x13<\x9ax\x98\xb7QF\x8a\xba[\x93FR\xe4\xe6\xab\xa3g\xc4:.\xb1\xae\xf8~\xe0\xcbgyso!\xf9w\xc4\xe5I_C\x8cp}+\xde\xb4/\x8b\xbe6\xd6\xa3\t\xab\xc7a\xe2\x0bKp\xaa#\xbf\x8f,\x00\x18P\x8e0\xdb\x80\xe8s\xc0\xaf\xaa\x86&X{\xe9\xcf\x07\xbag\x8b\x88\xc1\xc3\x14\x93\x93p\xa9\x1dc%\xd0\xf4M;\xe2\x9f\xc2\x0bx<0\xab\xa3K\xa5jz\x15\xd1\x9bR\xd5Z\x7f0\xdd2\xc5\x85E\x8bh\xdb\x97\x05\x81\xc9\xdb\x9c\x12z\xd3>\x1d\xfcR\xf1F\x9d-\xbd\x8e\x9f}{\xf6+\xeb\x96K\xdbi%\xf3 \x99X\x11\x1a:\x8d\xa0m^@$\x8c\x8c\x81\xc6+\xb6\x95,6/\x0f\nS\xd6q\x9f2\xee\x9d\xd1\x85Z\x98\xaa\x18\x89\xd6\x8e\x90\x94l\xfb5\xa9\xe4\xda$\xf6~ \xf8\x9d\xa8\xddH\x8d:M\xe2\x19\x9a\xe0#\xecYm\x99\xd8\xec\x04r\x0e\x01\xe4r:\xf3X_\x18lt\x9f\xed\xff\x00""\xca+\xe4\xb1\x8e\xe4y\x10\xdc\xc8%d%\x13pY\x15\x13z\xee\'\x0cT\x1cps\x8c\xd3\xaf)\xc7-\x9c\xd4\xb4\x94\x9d\xd7]\xf7.\x9aO\x1b\x08r\xe8\xa2\xb5\xe9r\xa7\x83m4\x1b\xdd2Cs}m`b\n\xb1\xc72\xca\xe93\x1c\x9c\x02\x88\xc0\x1f\xf7\xab\x9d\xf1\x05\xae\x8b\xfd\xa9?\x97smq*\x81\x15\xbcq\xab\x91\xb9\x87-\x87Q\xd3\x9c{\x91\\\x95*sF\x11J\xedX\xdfiH\xcb\xb8\xf8oya\xa1\xb6\xa3c#\xa0\x8d\xc4rH\x081I&7\x18\xfe\xa0W[\xe0?\x8f~""\xf0\x93Gez\x1ek\x7f\xba rHPGX\x1f\x9d\xbf\xee\x1c\x8f\xa5p\xe3\xf0\x1c\xd4}\xa4V\x8b\x7f&oC\x10\xb9\xf9\x1e\xefo3\xe9\xcdk\xc4\x9a7\x8ftH\xe4\xda\xf3\xd9\xcdh\xd1\x94\x95J\x95o\xe2R\x0f\xa6G##\xd0\xd7\x94x\x9e+\x7f\x04xj[\xdb{\x0bH\x8d\xa9G\x92\xd1O\xee\xdb,\x17k0\x03v3\xcf\xad|\xccb\xdc\xbd\x93\x95\x94\x9d\x8fU>U\xcfk\xb8\xa3\xc1\x7f\xe1yx\xe6\xff\x00]\xb5\x9c^\x1d6\x0bi\xc4\x8b\x15\x800*c\xae\x19\x0e\xf2q\xea\xc6\xbd\xcd\xff\x00i\xdf\x8b:XY!\xf1\x1e\xb7#\x0eb\x92i\x8c\xe9\x8fX\xd9\xb3\xc0\xf45\xebG\x05\x87\x8c\x15>K\xa5\xbb{\xb3\x86\xae/\x11:\x9c\xfc\xedy-\x91\xef\xff\x00\t~.\xeb\xdf\x11\xf4\x96\xd4\xbck\xe2F\xb9\xb7\xb5\xbbac\xba8\x90\xf9\xa2&>[\x15L9a\x91\x87\xe0\x02GR+\xe5\xab\xcf\x89\x7f\x17u+\xc9M\x8e\x9b\x05\x8d\xb9\x91\xbc\x88\xf0\x87\xcb\x8f?*s\x9e\x83\x8a\xf2\xe3\x86\xa2\xb15\x94\x97%8\xfc+\xb9\xe8\xfbz\x92\xc2\xd2K\xde\x9b\xd5\xbe\xc5cw\xf1\xf3V\xc6\xedG\xec\xea\xc7\x1f!\xdb\x8c\xff\x00\xba\x05}Y\xfb:~\xc5\x1f\x12\xbfh\xe5\xd4\xa6\xd5\xfco{\xa4Y\xe9\xae\x8a\xcd\xe55\xc9\x94\xb0%\x80\xdd*\x05\xda\x00\xe7\x9e\xb5\xdfF\x18~u\x18G^\xe7\x1di\xd5\x8c\x1c\x9b\xf9\x1e\x0b\xaf\xfe\xcc\x9aE\x97\x8a\xf5[h\xb5\xeb\xbb\xcb\x1b+\x89""\xb6\xbc #\\mp\x8a\xdbFp\x1b\xa8\xe4\xf1Xv\xbf\x074\x1f\r\\Gx\xf2\xcb$\x96\xf2\x07M\xe4\x9f\x9dOSU\xed\xb5J)$MH/c)6\xdc\xacx}\xbd\xdb\xe4n\x19\xfaWai*\xfd\x8c\xe46\x1b\xf8s\xc6z\xe4\xf0\x7fZ\xf5o\xcce\xb1\xce\xde\xcd\x0c\x8e\xdc\x9ex\xea\x0f>\xb8\xe8+\xd4~\x1eY\xe8\xcfc/\xda\xb5\x11c,p\x99m\x9c\x83\x89\x1fv1\xb8t#\xb7~\xfd\xaa\xe7Z\xa6\x1a\x9c\xab\xd1\xa6\xea\xd4\x8d\xad\x15\xbb\xd4\xe9\xc0a0\xd8\xdce<6.\xb2\xc3\xe1\xea_\x9a\xa3\xda:;_\xe7\xa1\xe8~\x19\xf0\xb5\x9e\x815\xcd\xe7\xd8\xadu8\x1d:\xc5\xb2\xe2\xdeF#?\xbd\x08\xc4\xaf?\xc4pA\xe75\x8b\xf1C\xc4\xde\x11\xd4\xbc9\x1f\x95\xa6\xdd\xd8\xea\xb0\xdd\x07\x8eg\xb9i\xa0\xfb?\x94\x14\xc1\x1a:\x97\x07\xcc\x1eb\x92\xe4(%Fk\xa2\xae;\x0b\x8c\xc0%BV\x9a~\xfc_\xc4\xbc\x9a1\xc5d\xd8\xfc\xab\x1e\xe7\x88W\xa15\xfb\xb9\xada5\xd2Q{\x1a\xaf\xf0\xff\x00D\xd2\xbe\x16Yj6z\xa5\x8e\xa5u\x7f\x0e\xedR\xd6\x19\x00\x9e\xc8\xa1\x01c\xb8\x89\xf6\x93\xbb\x9d\xae\x9b\xc7\\\xe2\xbc\xbf\xc0P\xea6^+\x17\x96\xd1\xa3\xedrJ\xbcI2\x90{2J\n\x90\x7f<T\xc6\t{&\xd7+z\xc9\xae\xa7\x9f\xcd\xcc\xea%wgk>\x87\xd0\x17vW^!\xd0\xe6\xb7h\xa0C=\xd0\x9aU\x85\x16%R@M\xeb\x1a\x80\xab\xd7$\x00+\x83\xb0\xf8n4\xef\x8b>\x1e\xd3\xeem\xcd\xca\xc8^g\x8aA\xb8H\x88\x84\x92Gp0y\xf6\xad\xeb\xd4_S\xaa\xbb\xa2#\x16\xb14\xcfS\xf1\x8e\x9d\xa6\xe9Z\xbb\xda\xda\x03\x1c""%`\x84\xe7is\xc8\x07\xd3\x8a\xf3\x9f\x15\xd8C\xe2}\x0e\xe7Ny\x9a\x11r\xaa<\xe0\x03m*\xc1\xba\x1e\xbd+\xe2o\xc9W\x99k\xca\xee}\x0b\xf7\xa0\xd3\xdd\x9f\x11k\xda\x16\xa3\xe1mZk+\xc8\xca\xcd\x19\xe0\xff\x00\x0b\xa1\xe5dC\xddXr\r-\xbe\xa1\x08\xb0(\xd1H\xef\xbb\xe4;\xb0\x83\xea\x07,\x7f\x11^\xecd\xa5\x15%\xb3<\x99E\xa94\xf7G\xd6\xbf\x0f\xfc\r\xe2\x9f\x0b\xf8\n\xd7P\xd4\xe0+k\xab]\xc8\xbaz1 \xc0\xc1T\xefe\xc63 \x05T\x1eF\rz\x8d\x9a\xc3\x80\x03`\xb0\xfb\xc3?/\n9\xfa\xe2\xbc\xba\xd5\xa9\xd5jt\xd6\x8a\xe9\xbe\xee\xec\xef\xa7N\xa4\x13\x8c\xf7\xed\xd9X\xdd6\xc4\xaap~\xf9\xceF;\xf0?\x01_`xS\xc1\x9e&\xd0\xbfg\xcb\xdf\x10>\xbb6\x9f\xa5^O\xe5Z\xe9\x90\x96V\xbb\xb8,""\x06s\x90\x02\x02\xa4\x91\xceTv\xa5J\xeeRi\xda\xc8*\xda\xd1M^\xee\xc7\xcbW\xb7\x0b\x02\x14\xda\x01\x07/\xcf\xf1\x9c\x1d\xa7\xdd{\xfb\xe6\xbc\xfb\xc6w\xa2\xebM \x1f\x98\xc9\xd4\x9e\x998\xc5\x10~\xfa""\xb6\x94\xa7}\xce\xdf\xc1\x7f\x08<=\xe1inHV\xbc[\x85U)p\xaa\xe1B\xe4\xfc\xbcw\xcf5\xdb\x7f\xc2\x92\xf0^\xba\xc5~\xc1\xe5\x99>\xf1\x80\xb4g\'\xaf\n@\xaffJP\xbc\xae(\xf2\xb6\x96\xe7\xc0_\x16>\x17\xf8\xab\xe1\x9e\xaa""\xd5b\x16\xcdr\xbee\x8cE\xc4\x8e\xf6\xfb\x88\x0cY2\x06\xdc`\xee \xf4\xc0<\xd6?\x82\xf4msY\xba\x89`\x8a\xe7\xc9\xdd\xb6IQ\\\xc4\x87\x19\x01\xc8\x07\x1f\x8dZ\xc4F4\xfd\xad\xec\xbf2]6\xe7\xc9k\x9fG|D\xfd\x9f\xbe3\xfc\x1c\xb5\xfe\xd5\xbf\x82\xde[H\xe7UK\xebg`U\xdb;@\xdc\xb1\xc83\x8e\xa1H\x15\xf3\xd6\xb9\xe2+\xdf\x11*\xad\xc3\xc9$\xa8\xa4\x19\x1d\xcb\xb1^\xbbw\x1f\x98\xfbg5\x8f\xb4\xc3b\xd4\xb1\n7\xad\x05nn\xa8\xe8u1t\xa8\xfdS\xdaIaf\xef\xec\xef\xee\xb7\xde\xc2i\x97\xbb\xad\xd5\xc4\x83\xcd\x03*\x0fW`r\x14\x9fq_\xaa_\x00\x7fe][\xc4\x7f\x0fl\xb5\x8b)\xf4\xed@\xea\x10\x19\x85\xac3)\xbb\x8ea\x9d\xd1\\\x02@\r\xc1\xda\xa0\xf4\xfa\xd4\xd7\xaf:0\x8b\x82\xd5\x9c\xf4\xe1\x19O\xdfz""\xd7\x89\xbc\x13\x17\x81\xadu\x1d3[\xd2\xf5\r>\xfeX\xc7\xd8/\x1b1\xc1\xc1\xf9\xf6\x92\x87\xcd\x04\x0c\r\xac0k\xe2?\rj7\x97?\x17l\xa53H\xcfii6\xd7\xdcr\x03eF\xdf\xee\x83\xe9]\x12\xc4)\xe0+\'\xf15\xa1\x84\xa9\x7f\xb5R\x97Dz\x07\x8a.R]V\xe9\xd8\x86\n\xb1\x0227\xa9!O\x1d\xf0sYP\xbe\x83=\xab\xcfy=\x95\x84Q\r\xbed\x8d\xb1F2rX\xf5c\xd3\x1dO\xa5|\xe2NOM[=;\xa5\xab\xd9\x1f6\xf8\xd6}?\xe2S\xbf\xd9\xd1^\x0b\t\x8cV\xf7\xcaH\x91\xd5\x809\x91X\r\xa8Nvg\xdf\xa5h\xfc4\xf0\x17\x84|;~/u\x9b\x98\xd1a}\xc1\xa7 ""c\x9c\xa2\xff\x00\x1bz\x00\t\xf4\xad\xaa\xd5\xadN\x8b\xc3SW\xa8\xf4]\xc2\x9d*R\x9cq\x13v\x82\xd5\xf6;\xaf\x8d?\x1f\x1b\xc7\x966\xba>\x99\x1c\x96\xda-\x84\x81\xd6F\x1be\xb8\x95F\x15\xc8\x1fq\x17$\xaa\xf5\'\x93\xe8<\x9fK\xf1\xc7\x89tf\x1eE\xd3m\xe31\xbf\xce\xbfL6q\xf8Wv\x13\x05\n8h\xd1\xa8\xb9\xa5\xbc\x9f\x99\xe7bqR\xab\x88\x95X;-\x97\xa1\xea\x16\xdf\x17\xb5XR1wo\x04\x8aH\xce\xc2U\xb8\x18\'\x9c\xe4\xd7\xd4z\x9f\xed\x1d\xe1\x8f\x15\xfc>\xf0\xee\x83o\xaaj1\xa6\x9c\x8c\xf7\x167QE\x15\xb2\xdc\x93\x85\x10\xb4{\x8b\x81\x92|\xc9[>\x80TK\x0b()\xca\x9b\xbd\xd6\xc5G\x13\x198\xc6\xa2\xb5\x9e\xe7\x9f\xdfM5\xc4\xbc\xfc\xc7\x92}X\x9erOs\\\xb6\xa7\x04\xb7q\xf9f-\xa4\x90GRz\x83\\\xb0\xb5\xee\xf74\xc46\xa9\xcb\xd0\xfbwB\xd0\xac\xaf\xb5X!\x92t\x829$Uy[\xa2\x02@\'\x8e\xbfA\xd6\xbe\x8aM#\xe0\xff\x00\x82\x1a\xe1\xaf<_\xa0*@\x81\xd6G\x94D\xaf\x90\x18\xa6_\x18\x90\x03\x92\x9c\x90\x01\xce+\xdd\xc4\xb7\x14\x93\x8e\x92\xeaE>\xb2\xbe\xdb\x9f\x94\xff\x00\xf0P\xcdgK\xd5>0\xe9\xd1\xd9H\xb2\xdb[\xf8n\xdbc\xafF\xf3\x9d\xe5\x0f\x83\xc8\xca\xb0\xeb^\xd7\xfb\x1d\xcc4\xef\x83\xd3\xda\r\x1a\xe3T\xb9\xd5\xbcW\x0cq\xa4R\xc5\x1bM\x18{t0+\xcaV0\xccr\xaaY\x80\xcbs^Fa\xee`\xe9\xc1\xbbsM/\xc4\xeb\xa0\xf9\xabJ]\x91\xfb\x01\xe2\x1d\x17E\xf1\xef\xc2\x8f\x11\xcb\xaa\xf8WR\xd1\xbe\xc5aq""\xdaj\xc9k*\x99R\x06e\xb8\x80\xc3,\xa8\xc1OF\xe0\x83\xda\xbf\x9fo\n\xfc)\xf0\x1c\xde\x11\xf8\x81w\xaa\xb5\xc5\xa6\xa1\xa3\xd9,\x9e\x1b\x8d\x84\x8a\xb2\xdc\x89O\x9b\x13\x95\x0c\xa4\x84\x18\n\xe4\x13\x9c\xd1I\xfb\x19\xce\x11vsW\xb7q6\xeaR\xe6\x96\xbc\xae\xc6\xbe\x93\xf0\xc7\xc2^#\xfd\x92\xad\xbcI\x0b\x04\xd7-|y6\x94\x90D\x8b\xe7^E=\xbcS&\xe7\xce\xe5\x10\x84\x90\xa9 \x8c\xb1\xe9_\x7f\xfe\xcf\xdf\xb3\x17\x8a<\x19\xf0J_\x16\\\xea\x12\xc3s-\x8c\xb7\xf6\x90\xc2\xf8\x88[\xc6\x9b\x94L\xc5r\x1c\x10NT\xe3\x18\xefUQ\xcf\xd8J/V\xe5\xf7"" \xe3\xed\xa3%\xa2\xb5\x9f\x9b<\x1bZ\xf1\x1f\x8d\xfe2Eyh\xde)C\xa7h\x97-qko\xa8K&\x19\x90a\xd6\x0f\x95\xe4y[\'\xa8\xda\x00\xc1#\x8a\xf9/\xe1\xdc7S\xfcS\xd4|\xd5*\xd6\xf6\xae\xac=\x08\x93n*\xfd\xaa\xfa\xbdZV\xb4\xa3\x1f\xbc\xa9\xd2j\xa4\'\xf6\\\x8a_\x11<sg\xa3\xebW\xd1\xc6\xbem\xc7\x98\x00S\xf7\x13h\x1f|\xff\x00J\xf9\x7f\\\xd5u=~\xf4\xcbu3I\xfd\xd5\xfe\x15\x1e\x8a:\nx<?,UY\xfcOo#\x9b\x11Z\xf2\xf6q\xd9neC\x14\xa8II\x1e3\xd3*H8\xf4\xe2\xb4#\xb7\xda\x0c\x8e\xed#\x93\xd5\x8eO\xe2Mwr\xab\xf3[^\xe73\x93\xb7-\xf4-\xe1\xb6\x81\xdc\x9e}\xabb\xc5<\xfb\xafP\x83s\x1f\xe5M\xec\xcc\xf7d\x9a\x85\xe8k\x92; \n?\x99?\xadE\x0c\xe3\x96\'\xbe1\xe9B\xd9\t\xa3\xdd\xbe\x1bx\xc2K\xa1\xf6\x0b\x87f\x92>m\x98\xf2J\x01\xcc~\xfbG#\xdb\xe9^\x82\xda\xb5\xb9\xf1\x04\x10\x86\xcb8s\xb4\xf58\x19\xe3\xf2\xaf&\xbd.Z\xed-\x9e\xa8\xecs\xe7\xc36\xf7J\xcc\xf7\xdf\x11iZ\x7f\x8at\xec\xcf\xe6H\xd6\xec&\x8a\x014\x91\xc4\xee\x87r\xf9\xaa\x84\x06\xc1\x19\x19\xef^>\xbe\x04\xf1\'\xc5\xcf\xed[3\xa8G\xa5\xc2\x97\x91\xc9\xe5M\x0e\xf7\x92\x1d\xae|\xb4s\xf3 UB{\x868\xcd}&""\x85\xe59\xbf\x85E/\x99\x94\x1bj4\xd6\x92\x9b\xd5\xf9\x1f\x18\xf8\xabA\xbe\xf0\xbf\x8bo\xecn\xa7K\x89,\xef^\xdd\xeewn\x8d\xddr\x18s\xfd\xd3\xc1\xcfz\xfdF\xfd\x97|\t\xaf\xe8\x9e\x07\xf0\xbe\xba5IWJ\xd5\xbcN#\x87LfV\x84\xc9\x11\x0c\xb3D\x06v\xb9x\xc8-\xf2\xb6\xe1\x8c\x1c\x03_/\x9bIR\xa5N2\x8f2\x94\xd2^^gf\n\x9c\xddi>kY?\x99\xfa\x7f\xf1KP\xd4\xb4/\x84:\x85\xf4\xda\xac6\xber\\\x88b\x90m\x94\xf9qn\x11\xc2\xe5\x86db8\x188\x198\xe2\xbf1|\'\xfbE|K\xf1?\x84\xbc_\xa5\\j\xb7w\xa9\xafX\xcc\xb7\x7fjU\x90\x0f=\r\xbb\xb24""2\xa4\xa6\xdd\xdb\xf7\x0e8\xef\x93\x0fN\x94\xe9\xd4\xae\xee\xe7N\xcbM\xaeuT\x93\xf7)\xf2\xd9I\xbdO\xcfX\xfcS\xe2O\ni\x11\xe8\xa2\\\xd9>\xa4\xd7\xb6\xf0#\x7f\xcb\xc1C\x0e\xf3\x83\xc6Pc\x15\xfb\x9f\xf0_\xc4\x9f\x0f|U\xfb9k\x97\xf3h\xbaF\x99s\xa7\xc0\xd6\xf7Q\xda\xc1$&\xecZ\xc5\x1a\xc9t\xf3\xef\x01\xdc4\xa5\x983\x16\xc3\r\xfdA\xae\xca\xb0\xe6\xa3\xcf{%\xf8\x9c\xb4\xef\xed\x1cz\xdc\xf8\xe3\xc0\xba\x87\x80\xe0\xf1\x8e\xa3q\xab\xc5wkc!h\xe2hfX\x9a \xf2bIX\xec\x90\xbf\xee\xc9pT\x06\x07\x18\xe4W\xc9\x9av\xb9\xa6h\x9e#\xf1\xa6\xa9\x1d\xc2\xc9\x1d\xb2\x15\xb4\x95\xb2L\x8e\xe4\xf9@\xee\x00\x92\xcd\x8c\xe4\x03\xcf V3\xa18\xf3\xb9o;/\xc8\xda\xa6""3Q\x8c_\xbb\x17\x7f\xcc\xf9\x16\xe2\xfa\xe3P\xb9\x96I\x1d\x9eGm\xf2;\x1c\xb33u$\xf7\'\xbd@\x9c\xe7\xeb^\xa2\xb2\xd3\xa2<\x96\xdbm\xf5/,;W=OSU\x1eL\xb0\x07\xafZ\x7f\x98\xb7gU\xa8\xf8O\xc4\x9aN\x89g\xa9Oi4v7\xd96\xb7Df7\xc1#i#\xee\xb1\xdaHV\xc1 dq\xcd\x16\x03\xc8\xd3\x9eRFe\x90\x9c\xff\x00\xb2\xa3\x03\xf5\xcdL\xb6\r\xd9\xc6\xdc^\x9331\xee\xd9\xc7rI\xce+R\xd1\x98\xa7^I\xc9>\xf5HO\xb9\xb1\xa5k7\x9a]\xf2\xdcZ\xcb$7\x16\xf2\x07K\x948(\xe3\xb2\x9f__j\xf6\x1f\x84\x96\xd7z\xff\x00\x88\xee\xb5+\xc9\x9eYc\xf97\xb1\xee\xc4d\x0e\xc0c\xa0\x1d3Xb\x12\xe4r\xb7\xbd\xb13\x9b\x8d).\x8c\xf9\xe8\xf8\x9b\xc4\x96\xd7[\x8d\xcd\xef\x9f\xb7\x02s#\x19\x15\x7f\xd9$\xe7\x15\xd1C\xe3\xef\x19\xc6\xdb\xc5\xfd\xe2\x99F\x1aU\x91\x8368\x19`z\x81\x9f\xc0\xfb\xd5{I\xa4\xe2\xe5\xa4\xb7\xf3-\xadS\xea\xb6)k7Ze\xde\xa2f\x8aK\xd9%\x94\x07\xb8\x92\xe1\x96Fk\x92\xa0\xcd&\xec\xe4\x86|\x95\'\xe6\xc1\x19\xe6\xbbm7\xe2\x07\x88t+\x0bH\xad\xf5-X[\xdb1\x92\xce\xda\x1b\x87Xa\x98\x12L\x91\xa6HG\xc9$\x95\x19=k)\xc1U\x8a\xf6\xb1Rk]{\x96\xaa\xd4\x8b\xf7\x1bW\xeb\xd4\xb1\xe2/\x8d?\x11|Ge\r\xb5\xf7\x88u\xfb\xcbh\'im\xd2\xe6\xeei\x12)\x18m/\x10bp\xe5I\x0cF8\xc8\xef\\\xdc\xdf\x11|U.\xaaoF\xa7p.\x14lI\x14m\x1b\x01\xe1\\\x00\x01=\xf9\x06\xaa\x11\x8d*R\xa1N*4f\xef(\xae\xaf\xb9U*\xd4\xa9(\xceR\xf7\xe2\xb4c\xf4M]\xa3\xb2f\x98\xc6\xee\xaf\xbe3\x8f\x9d\x1b\xd5\x1b<g\xd6\xbb\x0b\x8f\x8b\x1e""{\xe8\xd6K\xbb\x89""H\xb6\x10\x18\x80P\xf3\xf3\x05\xc0\'\xd4\x9eOz\xa5)%(/\x81\x85\xdb\xe5m\xfb\xc5\xa3\xf13\xc5\x10\xc7\x9bk\x99\x15d\xf9\xdc\xb6\x089\xearF2;\x9e\xb5\xc2\xdcj\xafu\xe1]E\xa6\x95\x9e\xe2\xefV\x85\x81\'\x96\x11\xa4\x81\x99\xbdG\xcc3\xeeE)\xdeM_V\x98BN\xcd7\xa5\x8e\x1e\x14\t{&z\x15\x0c?\\\xd4\xf0E4\xd7\xcb\x1cq\xbc\x8e\xee\x15\x11A,\xccz\x05\x03\xa9=\x85ne\xd4\xec4o\n\xebZ\xed\xcd\xd2$f\xde;\x08\x8c\x9a\x9d\xdc\xc1\xc46q\x83\xb4\xb5\xc9PYy\xf9B\x00Y\x9b\n\xa0\x9e+{L\xf8\x87\xa3\xf8&\xea8\xf4\xb8?\xb4\x0c2\x17\x17\x97\x90\xc0\x07\x99\x8e$\x82=\x8e\xf1\xba\x7f\x03\x99[\xd4*\x93C\x16\xe7\xd9\xff\x00\xb2\x85\xb7\xc2\xdf\x1dx\x8e\x1d\x03]\x9eE\xb0\xd4\xf4\x9b\x8b\x7f\x0cI;D\xe1n\xcb\x89\x1fK\xbdGC\x14\xd3[H\xc6\xe6\xcc\x95P\xdb\xce\xe5>f\xc1\xf1_\xc5\xcb-K\xc2\xfe/\xd4\xb4\xab\xb9-&\x9a\xc6\xf6Ki.-bH \x97\xcbb\xbedqF\xaa\xab\xbb\x19 \x0e\xa4\x93\x93\xcdK\xf8\x90-\xd9\xe46\xa8n.\x0b\x9f\xba\x87\n?\xda=O\xe1We\xb8fs\x14D\x8c}\xf6\xec\xa3\xfcj\x81\x97\xed[\x10\xe0\x0f\x91N=\xc9\xeeMz_\x80<I6\x8fq2n\xc2H\xa1\x88\xf7^s\xef\x9a\xce\xaa\xe6\xa6\xcc\xea&\xe2\xcf\'mC\xca$.\xf2J\x80\xcey*=\x0f\xade\xcft\x87\x0b\xe7|\xab\xca\xf0\x07\'\x8c\xe0s\x9f\xadg\xcby\\\xda\xcfb\xb8\xbcx\xceQ\xf7\xe4\x90r:\x0foB}jW\xbf\x95f\xca\xbf\x97\xbb \xe7\xa0\x1e\x87\x8a\xbb\x05\xb5\xb8\xb0\xdc$\xa8\xc5X\x86\xda~S\xf7C\x0ex\'\xb1\xa9\xec\xa62H\xbb\xf2T\xe3p?^\xd4[_1\xda\xef]\xcd\x8d\xed\xe6\x85\x8c\x99\x15\x89\xc2\xa8%\xc7=N\x07\xe5\x8a\xb5e\xa0k\x9a\x9d\xc3C\r\xbb\xef@Y\xb7a6\xe3\x82X\xb6\x00\xc7\xbd\\a6\xd5\x91Sj\xfa\x9bPxgW\x99v>#\xd8H]\xe4\xb2\x96?\xdc(\x18\x1f\xafJ\xe3dY\xe2\xca`9\x0e\xe0\xf3\x80\x0e\xee\x7f>\xd4\xf9m\xad\xee\xc1\xed\xb5\x89\xac.\xa4[\xa4|.\xf8\xc7*\xc02\x92\xa4\x1c0<\x10{\x83\xc1\xaf\xd0O\x06\xf8\xd7\xe1\x16\xb7\xe0c<z\x06\x95c\xa9\xb5\xac\xc3P\xd3\xec\xe5&\xe2\xea\xef*\x8a\xf0Z<o!\x81\xa1\'|q\xb9\x8c\x8d\xe3j\xfc\xcdL\xcaGe\xe0\x9f\x84\xbe\x04\xf8\x8f\xf0\xbeKy\xee\xa2\xb3\xd5\x0cP\xc9v\xa9vSS/\xa7X\xb2\xdd\xcd\x1d\xb8\x0e\xa6\xcc)h%\x92@32\xb2/\'\x9f#\xf8\x9f\xf0\x93\xc2_\x0f\xbe\x1c\xe9s\xe9\xba)Y\xf5\xad6[\x9b\x7f\x10\xde\xdeCp\x97Z{*\xc8\xd7\x0b\x02\x00-\xda0R8p\xa2Fg\xda~c\x8aLI\xea|\x91\xa2}\xbb\xfe\x11\xad\x7f\x99\x11-l\xa0\xbd\x89\x86A\x17\x11\xdc\xc7\x02H\xac;\x85\x99\xc7\xe3\x9e\xa2\xb9\xcf\x10\xeb7\xfa\xc4\xd1Mu<\x97\x172@\xaf<\xf21i$\x91\xc6\xe6wc\xc9c\xdc\x9eM\x0ft\xcb\xf31\x12\xe2M\x828\xf3\xb9\x86Kz\x03\xfdkN\x18\xd25\xda;\xf2\xc7\xb9\xa6\x84\xf7\xb1\xab\x16\xd1\x11\xfa\xff\x00\x9c\xd4\xf6w\r\x1d\xd0\'>\x9f\x85\r]4K\xd53\xba\xbf\xfd\x9f\xbe(K\x0b\xcfal\x9a\xbc$\x9c\xbd\x9by\x87#\xa8\xda9\xc8\xef^V\xbe\x06\xf1a\xbeh$\xd3\xae\x92dlH\x8e\xa5\n\x9f}\xd8\xc5gO\xdf\xd2\xde\xf7c\xa6p\xe5\xbc\xaft\xfa\x93\xc7\xe1\x9b\xcd:\xe9\xe0\xb8\t\xe7)\xc1\x8c\x10\xd8\xef\xd4dWUe\xe0\xcb\x19m\x96Ie1\xb9\xc8h\xccE\xbb\xf5.\xcc\x06H\xe6\x89F)\xda\xa4\xb9|\xba\xb0Qm^+\x99\xb2\x85\xdf\x844\xe8\xaf\x1b\xc8\x91\xda""\x07\xcd)\x1b\xc9\xef\xc4`\x80=9\xae\xde\xc2/\x0f\xd8\xd9yK\xa7Z\xbc\x86=\x92LP\x97$\x8c\x16Vv}\xa7\xdc\x01\x8a\xde\x1c\xcd\xb7\nvOg/\xf23\x94R~\xf4\xb5]\x11\xa5\xa3\xdc^h\xc1\xfe\xc2\xcfg\xe6.$dv\x0c@\xecH#\xf9U[\xaf\x10\xe8\xba{\xb3Mx\xb2LN\\\'\xcc\xe4\x9e\xbb\xb1\xce~\xb5N)+N\\\xd6\xe9\xd0/\xaf\xba\xad\xe6^\xd3\xee<E\xaeFd\xd2\xb4MB\xf5?\xe7\xe1\x97\xcb\x87>\xd2\x1e?\x03\x8a\xf1\xbb\xdd>\xf6\xda\xeeH\xe4o.x\xa4d\x9a1\xce\xd9\x01;\x94\x91\xd7\x06\xb3\x95H\xc9\xf2\xc7\xa0\xec\xd2\xbc\xba\x99\xfb\xa5\x86\xed\x19\xb8fR\xac=\xc7 \xfd*\xd5\xeb\xaa\x85=C\x0f\xc2\x96\xa4=\xcf\xac\xbe\x0bxA\xbcg\xe1[[\x98|Ku\xe1\xbb\xd2\xf7\x1a+=\xbb\x10\xd76\x8e\x1a\xe6H\xddK""\xb2\xb3H\xa8\xcb\xe6\x0c\x82\x0e\xc3\x8c\x9eO\xc4\x9a\x05\x87\xc3}""$\xb4\xd6\x9fX\xba\xd4,d\x86L\x1d\x89e\x02\xca\x18\xdb\x88\xb2\xc4H\xf2\xa3\x1eH]\x9f0V\x0e\x1a\x94\x84\xb7<\xca\xff\x001\xd9:d;8\xc0\x07\x1f1\xeb\xf3{W\x93\xea\xac\xff\x00i%\x0b\x14`\x08-\xd4.1\xb7\xf0\xe9I\x02\xd7R\xcd\x96\xd4POS\xde\xb5aRG\x07\x06\xa8\x1e\xf7-n\xda\x9cs\x9e\xa4\xfa\xfbTe\xf0\xc0\x8e\xc74\xc5\xb9\xc5i\xbe4\xf1\x8e\x8dp\xb3Y\xea\xda\x9d\xa4\xa8~Ia\x9eH\xdd\x7f\xdde`Ej\xeb\xdf\x14\xbe&\xf8\xa9Pj\x9e#\xd7\xb5!\x1f\xdc\x17W\x93L\x17\xfd\xdd\xecqY\xf5\xbfU\xd4\xde\xedu9\x95\xd7\xb5\xc8\xcf\xcb{v3\xd7\x127\xf8\xd2\x1doZf\xc9\xbc\xba$\xf7\xf3\x1b?\xce\x92I7$\xad\'\xbb\x07)=\x1b\xba\x0f\xed\xbdh\xff\x00\xcb\xe5\xd7\xfd\xfco\xf1\xa7\r{\\\x1d/n\xff\x00\xef\xe3\x7f\x8d_<\xff\x00\x99\x8a\xcb\xb0\xc9\xf5\xadf\xe5v\xc9wu \xf4i\x18\x8f\xd4\xd4v\xba\xae\xa9a2\xc9\x05\xcd\xc42)\xca\xc9\x1b\xb2\xb0>\xa0\x83\xc5Km\xef\xa8\x1d\\\xff\x00\x14>%\xdc\xc5\xb2O\x11k\xb2!\x18(\xd7s\x15\xc7\xa6\x0bW$\xfa\x96\xa3#\x12\xd7\x13\xb1$\x92K\x92I=I\xe7\xad$\x92\xd9Xm\xb7\xbb\xb9\x1b^^9\xe6YO\xd5\x8d/\xdb\xafv\xe3\xce\x97\x03\xa0\xdcqUv+\x136\xad\xaa\xbd\xb2Bnn\x0c1\xc8\xcf\x1cE\xdbb;\x80\x1d\xd5s\x80\xcc\x15C\x11\xc9\xc0\xcfJD\xd5uH\xd7\x0bsp\xa0\x1c\x80\x1d\x80\xcf\xe7H,=\xb5\x8d]\xceZ\xea\xe4\x91\xd3.\xdf\xe3UZ\xea\xe9\xfa\xc9!\xcf\x07,zzP\x16]\x80]\xdd\x0e\x92\xc8?\xe0F\x9e/\xef\xc7I\xe6\xff\x00\xbe\x8d;\xb0\xb2\xec)\xd4/\xcf\xfc\xb7\x9b\xfe\xfa4\x9fo\xbe?\xf2\xdeo\xfb\xe8\xd1v\x16]\x8a\x94R\x00\xa2\x80\n(\x00\xa2\x80\n(\x00\xa2\x80\n(\x00\xa2\x80\n(\x00\xa2\x80?\xff\xd9'"
