Tag,Value
Image ImageDescription,                               
Image Make,SONY
Image Model,ILCE-5000
Image Orientation,Horizontal (normal)
Image XResolution,350
Image YResolution,350
Image ResolutionUnit,Pixels/Inch
Image Software,ILCE-5000 v1.10
Image DateTime,2014:01:01 07:05:31
Image YCbCrPositioning,Co-sited
Image ExifOffset,364
Image PrintIM,"[80, 114, 105, 110, 116, 73, 77, 0, 48, 51, 48, 48, 0, 0, 3, 0, 2, 0, 1, 0, ... ]"
Thumbnail Compression,JPEG (old-style)
Thumbnail ImageDescription,                               
Thumbnail Make,SONY
Thumbnail Model,ILCE-5000
Thumbnail Orientation,Horizontal (normal)
Thumbnail XResolution,72
Thumbnail YResolution,72
Thumbnail ResolutionUnit,Pixels/Inch
Thumbnail Software,ILCE-5000 v1.10
Thumbnail DateTime,2014:01:01 07:05:31
Thumbnail JPEGInterchangeFormat,38448
Thumbnail JPEGInterchangeFormatLength,8207
Thumbnail YCbCrPositioning,Co-sited
EXIF ExposureTime,1/50
EXIF FNumber,7/2
EXIF ExposureProgram,Program Normal
EXIF ISOSpeedRatings,3200
EXIF SensitivityType,Recommended Exposure Index
EXIF RecommendedExposureIndex,3200
EXIF ExifVersion,0230
EXIF DateTimeOriginal,2014:01:01 07:05:31
EXIF DateTimeDigitized,2014:01:01 07:05:31
EXIF ComponentsConfiguration,YCbCr
EXIF CompressedBitsPerPixel,1
EXIF BrightnessValue,-829/640
EXIF ExposureBiasValue,0
EXIF MaxApertureValue,463/128
EXIF MeteringMode,Pattern
EXIF LightSource,Unknown
EXIF Flash,"Flash did not fire, auto mode"
EXIF FocalLength,16
EXIF MakerNote,"[83, 79, 78, 89, 32, 68, 83, 67, 32, 0, 0, 0, 94, 0, 3, 16, 4, 0, 16, 0, ... ]"
EXIF UserComment,
EXIF FlashPixVersion,0100
EXIF ColorSpace,sRGB
EXIF ExifImageWidth,5456
EXIF ExifImageLength,3064
Interoperability InteroperabilityIndex,R98
Interoperability InteroperabilityVersion,"[48, 49, 48, 48]"
EXIF InteroperabilityOffset,38156
EXIF FileSource,Digital Camera
EXIF SceneType,Directly Photographed
EXIF CustomRendered,Normal
EXIF ExposureMode,Auto Exposure
EXIF WhiteBalance,Auto
EXIF DigitalZoomRatio,1
EXIF FocalLengthIn35mmFilm,24
EXIF SceneCaptureType,Standard
EXIF Contrast,Normal
EXIF Saturation,Normal
EXIF Sharpness,Normal
EXIF LensSpecification,"[16, 50, 7/2, 28/5]"
EXIF LensModel,E PZ 16-50mm F3.5-5.6 OSS
JPEGThumbnail,"b'\xff\xd8\xff\xdb\x00\x84\x00\x02\x02\x02\x02\x02\x02\x04\x04\x04\x04\x04\x04\x04\x04\x04\x08\x06\x04\x04\x06\x08\n\x08\x06\x06\x06\x08\n\x0e\n\x08\x06\x06\x08\n\x0e\x0e\x0c\n\x08\n\x0c\x0e\x10\x0c\n\n\x0c\x10\x10\x0e\x0e\x0e\x10\x12\x10\x10\x12\x14\x14\x14\x18\x18\x1c\x01\x04\x04\x04\x04\x04\x04\x06\x04\x04\x06\x0c\x06\x04\x06\x0c\x18\x0c\x08\x08\x0c\x18\x1e\x18\x0e\n\x0e\x18\x1e\x1e\x1e\x1a\x12\x12\x1a\x1e\x1e\x1e\x1e\x1e\x1c\x1e\x1e\x1e\x1e\x1e\x1e\x1e\x1e\x1e\x1e\x1e\x1e\x1e\x1e\x1e\x1e\x1e\x1e\x1e\x1e\x1e\x1e\x1e\x1e\xff\xc4\x01\xa2\x00\x00\x01\x05\x01\x01\x01\x01\x01\x01\x00\x00\x00\x00\x00\x00\x00\x00\x01\x02\x03\x04\x05\x06\x07\x08\t\n\x0b\x10\x00\x02\x01\x03\x03\x02\x04\x03\x05\x05\x04\x04\x00\x00\x01}\x01\x02\x03\x00\x04\x11\x05\x12!1A\x06\x13Qa\x07""q\x142\x81\x91\xa1\x08#B\xb1\xc1\x15R\xd1\xf0$3br\x82\t\n\x16\x17\x18\x19\x1a%&\'()*456789:CDEFGHIJSTUVWXYZcdefghijstuvwxyz\x83\x84\x85\x86\x87\x88\x89\x8a\x92\x93\x94\x95\x96\x97\x98\x99\x9a\xa2\xa3\xa4\xa5\xa6\xa7\xa8\xa9\xaa\xb2\xb3\xb4\xb5\xb6\xb7\xb8\xb9\xba\xc2\xc3\xc4\xc5\xc6\xc7\xc8\xc9\xca\xd2\xd3\xd4\xd5\xd6\xd7\xd8\xd9\xda\xe1\xe2\xe3\xe4\xe5\xe6\xe7\xe8\xe9\xea\xf1\xf2\xf3\xf4\xf5\xf6\xf7\xf8\xf9\xfa\x01\x00\x03\x01\x01\x01\x01\x01\x01\x01\x01\x01\x00\x00\x00\x00\x00\x00\x01\x02\x03\x04\x05\x06\x07\x08\t\n\x0b\x11\x00\x02\x01\x02\x04\x04\x03\x04\x07\x05\x04\x04\x00\x01\x02w\x00\x01\x02\x03\x11\x04\x05!1\x06\x12AQ\x07aq\x13""2\x81\x08\x14B\x91\xa1\xb1\xc1\t#3R\xf0\x15br\xd1\n\x16$4\xe1%\xf1\x17\x18\x19\x1a&\'()*56789:CDEFGHIJSTUVWXYZcdefghijstuvwxyz\x82\x83\x84\x85\x86\x87\x88\x89\x8a\x92\x93\x94\x95\x96\x97\x98\x99\x9a\xa2\xa3\xa4\xa5\xa6\xa7\xa8\xa9\xaa\xb2\xb3\xb4\xb5\xb6\xb7\xb8\xb9\xba\xc2\xc3\xc4\xc5\xc6\xc7\xc8\xc9\xca\xd2\xd3\xd4\xd5\xd6\xd7\xd8\xd9\xda\xe2\xe3\xe4\xe5\xe6\xe7\xe8\xe9\xea\xf2\xf3\xf4\xf5\xf6\xf7\xf8\xf9\xfa\xff\xc0\x00\x11\x08\x00x\x00\xa0\x03\x01!\x00\x02\x11\x01\x03\x11\x01\xff\xda\x00\x0c\x03\x01\x00\x02\x11\x03\x11\x00?\x00\xfe\x7f\xe8\xa0\x02\x8a\x00(\xa0\x02\x8a\x00(\xa0\x02\x8a\x00(\xa0\x02\x8a\x00(\xa0\x02\x8a\x00\xb0\xb6\xb7Nx\x8eC\xf4\x06\x97\xecw\x87\'\xca\x93\x8e\xbf)\xe2\xab\x96o\xec\xb2y\xe3\xd5\xa1\xd0X_]\x13\xe5C4\x84u\xda\xa4\xe3>\xb8\xae\xf9~\r\xfc_u\x0c<+\xe2B\xac2\xac,n0A\xee\x0e\xca\x89J0\xb7;\xe5\xbfr\xd2r\xd9\\\x8eo\x84\x1f\x16\xa0B\xf2x_\xc4h\xa3\xab5\x95\xc0\x03\xeaJW\x0e\xbav\xa0\xe4\xe2\t\x8e\x0e\x1b\nN\x0f\xa1\xe2\xa5T\x83\xdaI\x8f\x96]\x89\xa2\xd1u\x9b\x89\x02Git\xee\xc7\n\xab\x1b\x12O\xb0\x02\xac\\\xf8o\xc4vq\xef\x9a\xc2\xf6%\xfe\xf3\xc4\xea?2)\xf3\xc2\xff\x00\x12\xb8r\xcb\xb33\xfe\xc1~\x7f\xe5\x8c\xc7\xfe\x02i\xe7L\xd4\xfa\xfd\x9e\x7f\xfb\xe1\xbf\xc2\x9f2}Eiv\x17\xfb+T?\xf2\xedq\xff\x00|7\xf8T\xc9\xa1\xebr\x9f\x96\xce\xe9\xbdq\x1b\x1f\xe9I\xce=d\x87\xcb.\xc3\xd3\xc3\xde \x96\x7f-lo\x1aB2#\x119b=q\x8c\xe2\x95\xfc9\xe2\x18\xdb\raz\xad\xe8bp\x7f\x95/i\x0f\xe6A\xc9?\xe5c\xd7\xc3>$~\x9a}\xf1\xfaD\xe7\xfaU\xa1\xe0\xaf\x192n\x1aN\xa6W\xfb\xc2\t1\xf9\xed\xa3\xdaS\xfet\x1c\x93\xfeV\'\xfc!\x9e0\xff\x00\xa0N\xa7\xff\x00~$\xff\x00\n_\xf8B\xfcd\x7f\xe6\x13\xa9\xff\x00\xdf\x89?\xf8\x9a=\xad?\xe7C\xf6u?\x95\x81\xf0_\x8c\xbf\xe8\x13\xa9\xff\x00\xdf\x89?\xf8\x9a\x8d\xbc!\xe2\xc5\xeb\xa5\xea#\xeb\x04\x9f\xe1G\xb5\xa7\xfc\xe89\'\xfc\xac\xd2\x81\xa3\x85\x9b\x0cF\x0f\x1e\xa4\xd7Aj\xc3R)\x1a!33c \xe4\x92\x06s\xb7\xd3\x1e\x95\xe8\xc2j)\xad\xeey\xf3\x8brR\xd9\xa2\xac\xf6:\x86\x9bvf\x8b\n\xe3\xef(\xe8\xc3\xb85\xf7g\xec\xdd\xfbJG\xa7$Z6\xb3)\xfb\x16B\xdb\xdc9\xcbZ\x13\xfc\x0c{\xc1\xe8z\xa7\xd3\xa7&.\x8f\xb5\xa6\xf9w\xddz\x9dxz\x96i3\xf4RA\x05\xdc\x1dVH\xe4\\\x829\x04\x1e\x84\x1e\xe0\xfa\xd7\xe6W\xed5\xf0fO\x05kO\xe2\r:""t\xfb\xb9?\xe2c\n\x8e""\x91\x8f\xfa\xe0=\x18\xf5\xf4?Z\xf1)>Y\xdb\xa3;\xde\xab\xd0\xf9\xae\xdaF\x86T\x966\xc1V\x0c\x8e:\x82:\x11]\xef\x8b\xbc]\xa0K\xe1\xc5\xfbK\x90\xf7(A\x8e1\x97W\x1dN=\x8f#=\xab\xa1\xc5\xcaQ\xb2\xd4\\\xc9\'}\x8f\x07\xb5\xd5t\xb7\x93\x0cg\\\x9e\xbcc\xfa\xd7\xa0X\xe9\x06\xf6\x05\x92(o&F\xfb\xac\xb8*~\x84)\xadg\xcd\r^\x89\x91\x06\xa7\xb6\xe6\xe4\x1e\x1d\xbe\xcf\x16\x17\xad\xf5\x07\xfa(\xaf@\xf0\xd7\x86u\x16\x90\x91\xa6\xb8\'\xf8\xa5$/\xea@\xaei\xce\xebsh\xc5\xdfc\xd5 \xf0\x84\xe6-\xd3\xcc\x89\xff\x00L\xa1Q\xf9d`\x0f\xc34\x90\xfc5\xd3n\xa5.b\x95\xf2y\xdc\xc7\x9f\xfb\xe7\x15\x87=\xb64\xb6\x9a\x9d\x8d\x8f\x81\xac\xf4\xf8\xb3\x15\xb4hq\xc1 \xb3g\xd7-\x92?\n\xbe\x9e\x13\x9aS\x97\xc9>\xa6\xb3\x94\xdf\xcc\xa4\x89\xcf\x84q\xfc4\xcf\xf8E\xf6\xf6\xa8\xe7l\xab\x15g\xf0\xee\x01\xf9k\xd9\xfe\x17\xfe\xcf\x9ao\xc4O\x0f\\\xdeMsql\xf1^\x18S`VB\x02+\x12A\x19\xcf\xcd\xeb[\xd0^\xd6\xa7#\xd1\x19V\x9f\xb3\x875\xae\xcf\xc6D\xb5D\'\x82P\x9e\t\xe0\x91\xdb>\x86\xb7\xb4\xd4\xbe\xd2\xefa\xbc\xb3\x92Hf\x89\xf7G26\x19\x18\x7f\x12\x91\xd3\xda\xbe\x9f\x95t<\x17\'\xd7\xa9\xbd\xa8x\xabT\xd6\xa42_[\xdb\xca\xe7\xad\xccj\xb0\xc8H\xec\xe1\x00F\xf7;w\x1fZ\x9e/\rM\xaa\xd9\xdc\xdf\xe9\xc1\xd1\xf4\xebd\x92\xefy\x08\xc0\xbb\xac`\x05?yN\xee?\x88\xf2H\xc0\xad\xa1MJ-=\xde\xc4\xb9\xb8IIl\xb7>\xb0\xf8E\xf1\xc3\xc4_\x0foO\x87\xbcI\x1d\xc5\xaa\xc0\x17\t0""[@\xc02\x9fS\x01\x04\x1c\x7f\x089\x1cW\xd9\xba\xfe\xb1\xa1x\x93\xc2\xd7P\xdcyS\xc5%\xa1\xc8\xe1\x92Dq\x80Gb\x0ek\xe7\xb1\xf4%\x87\xad+\xaeV\xfav}\x8f[\x0fQV\x84\\]\xd3\xeb\xdd\x1f\x92\x9a\xef\x87n<+\xe2\xab\xbd<\x06\x16\xdef\xfbR\xc0\xe0#s\xb01\xeb\x8e\x98\xeb\xde\xae\xf8\x0b\xe0\xe6\xb7\xf1cX\x99\x92C\r\xb2\xc8Q_nY\x8a\xf0v\x8e\xc2\xa2X\x85J\x93\xae\xd5\xdd\xb6\xf37\x85\x17Z\xa2\xa5{+\xee{}\xf7\xec\x03\xf1Nm2K\xad.kk\xc1\x1ce\xcc.|\xb9\x08\x1d\x97<\x12{W\xcc~\x1f\xd6<O\xf0\xf7]\x9bO\xba\x89\xa1q&\xc9\xed\xa7\x04l\x90t8\xe3\x07\xb7\xbd:8\xa8c)\xca6\xb4\xd7AV\xc3\xcb\x0bQ4\xef\x1e\xe7\xb5\xe9\x9f\x13\xd6&\x1eu\x9a?\xa9G#\xf2\x04\x1a\xf4\xdd#\xe2\xaf\x83_\x1e|Wp\x9f]\xaa\xca?\x10s\xfaW4\xe9I\xbd\x19\xaa\x9a\xeaz\xa6\x85\xe2\xff\x00\x86\xfa\xa3(]V\xda6f\xe4M\x98\x80\xfcd\x00~\xb5\xf4\xcf\x85\xbc\x17\xa6kV\x8b%\x9c\xf6\xb7\xe0\x8c\x96\xb5\x969\x80\xfa\x98\xcbT\xaar\xbf\xbc\x85)\x13^\xf8Eb\x9c\xa1B6\x9c\x1c\x8e\xfd\xc5A\xff\x00\x08\xb2\x81\xf7k)-J[\x15e\xf0\xf2\x8f\xe1\xac\xa9\xb45\x19\xf9y\xa8\xb6\xa5\x993\xe8`\xe7\x8a\xf4\xcb\x1f\x16\xc1\xe1?\x87\xd1h\x96\xba\xcahz\xa6\xa7$\xd7)t\xf6\xf2\xcc\xa1\x0ec\x8c\xab\xc6\x1ba/\x1e\xd6%N\x14\x929\x18\xafo \xc3<Vc\x08{?i\x18\xa7)F\xf6\xbaG\x91\x9d\xe2V\x1b\x01)\xb9\xfb7&\xa2\xa5\xbd\x9b?\rM\x8d\xae\xc6\xf2\xd8\xce\x15FH\xce\t\xc0\xc9\xe7\xb1=*x\x0b\xdb\xc6\xa7\x9d\xdb\xfea\xdf\x1e\x84zW\xb7R\x16\x9b\xe5\xfe\x1fIw<\xe87(\xfb\xdaK\xaa\xecj\x9bct\x8c6\x91\x13>Lg$\x0fC\xf5\xfeU\xdeiV\xca\xcd\x1d\x98\x9ah!\xbc\x91\x04\x85@s\xb9O\xee\xd1\x80+\xf2\x8c\xe7\x19\x03\x8f\xa5v\xe1\xa9\xc6I\xf3\xadL*NJ\xd6\xd4\xec~!x3\xc5Z7\x85\x05\x94\xfav\x9e\xe6\xff\x00WH\xb4\xfb\xd7\x03\xed\xd0M\xf3\x166\xd2\x06\xdeae\x04J\x8d\xbe0H8\x0cA\xae\xc7\xc16\xde&\xf0\xce\x97\xf6\x1b\xbb\xb34""E\xf2\x17\x18(G\xde\n\xd9\xe5\x7f\xd9\xc7S^\x1e|\xed8\xc6Is\xb8\xdd\xb4z\xb9O\xbdNRM\xf2\xa9htz\xde\xbf\xa4i\xd6R\xdf^\xdcG\x1d\xbbm\x19)\xca\xb1;U\xcb.Kdc\x808\xc5r\x7f\nu\xaf\x04\xdb|C\xd3`\xb3\xf1-\xb5\xa42N|\xeb\xd8\xe0\xbb@\xa8I$\\#\x82\x85\x7f\xdb\x18 \xf2x\xaf\x9fT\xabN\x12T\xe1\xcd\x07\xbf\xa9\xed*\xb4iIJ\xa4\xf9d\xb6?L|3\xe3O\x1bxC\xc7\x0fa-\xca]i\xb7I\xe6i\xfa\x88\xb42\xd8\xdd#\x1f\x95V\xf6\x16a\x0b\x1c\xfc\xa5\xc0V#\x00\xd7\xe7\x7f\xed\xdb\xe0\x9b\xc9\xbe,\xda\xdeEn\xa9&\xa3\x14*Q1\xb9\xa4f*3\x8f\xe2\xcf\x19\xacpmS\xc5A5f\xd3\xb9\xa6-s\xd1\x94\x93\xbd\xda<\xe6\xe7\xe0F\xa4\xb91H\xe2\xb9\xeb\xbf\x84\x9e0\xb3\x04\xae\\{\x8a\xeb\x8e&2\xdc\xc1\xd3kc\x06_\tx\xc6\xc4\xfc\xf6\xae\xd8\xeb\x80k=\x9fV\xb3l\xc9o2\x10z\x81\xd0\xd6\xbc\xd0\x96\xa9\x93i-\xce\xbbH\xf8\xad\xe3m\x17\x02\xdfW\xd4\xa0\x0b\xd21+\xec\xff\x00\xbeI\xc5z\xa6\x93\xfbP|N\xb1\x00=\xf47j?\x86h\xa3?\x9b(R\x7f:\x89S\x8c\xb5k\xe64\xcfC\xd3\xbfk\xadk\x8f\xb6iV3\xfa\x98]\xe2\'\xfe\xfa\xdf]\xad\x97\xedM\xe0\xab\xb2>\xd5\xa7_\xdb\x93\xd7\xcb)(\x1f\x89(\x7fJ\xc5\xd1\xec\xcaR\xeeu\xf6_\x1c\xbe\x14jx\xce\xa0\xd6\xec\x7f\x86h\x9c~d\x02\xbf\xadwV^:\xf0\xbe\xa1\x12\x0b][H\xb8\xd81\x123A$\xa87\x16\xc2+\xe5\x94n$\xf1\xdc\xe6\xae\x8dLN\x16\xa7\xb5\xa1\'N\xa7tgZ\x8d\x1cD\x1d:\xf0U \xfa3\xf1\xee]\x13Q\xd2nK\xa3\xb2\x88\x8e\xd6\x8d\x87\\s\x85a\xc3dt\xaa\xe9%\xc2\\7\x9e\x844\xca\x0e=\xc7L{W\xde\xe2(\xca\x95\x92|\xd4\x97^\xc7\xcbR\xa8\xa6\xdd\xd7-W\xf8\x9d]\x92\xc3\x1a\x1eT\x86\x00\x9es\x83\xe9\xf5\xaf\xaf>\n\xfe\xcf\xbe9\xf8\xb0Z=\x0bN\x17Z\x91*\xf6\xb72L\xb1\xda\xc4\xab\xb8\xbbM\x95m\xc7\xe5\xc2r>oZ\xea\xc3\xc60\x8c\xea;r\xc1]\x9c\xd8\x87+\xc5\x7f;\xb1\xd0x\xea\xf3\xc46\xbf\x1a\xad4\xadF\xebL\xd5\xad\xfc!e\xe6)\x83/\x0f\xdao\xd1d\x92\x19\xb3\x81\xe6G\xbb\x05\x07\x08\xfb\xb1\x83\x91\\>\xbb|\x97\xda\xfc\xe9\x1a\xacI\x0f\xca#N\x8a\xef\xd4\x8c\xf2q\xd3\xf0\xaf\x8e\xce\xaa{\\UGk[C\xe8\xb2\xb8{<-?=O\t\xf8\xf1\x0e\xabo\xe1\xebH\xd6\'\x8e\xd8O\xbam\xd9RF6\xc6@=W$\xe7\xdf\x15\xe1~\x12\xd4\xa4\xd1\xf55pq\xbe2\xac\xfd\xd4u\xc8\xcf\x1d\xb9\x1d\xc5e\x84_\xb9]\xef\xa9\xa6+Z\x8f\xb5\xb4>\xb1\xf83\xfbA\xfcP\xf0\x8f\x88\xed\xad|9x\x89-\xd4\xe1\r\x94\xa7\xcc\xb2\x99\x98\x85!\xe3?ww\x03ra\x87c_X||\xf0O\x8d|U\xa0]x\xbaTXu\x0b\x19m\xfe\xc3\xb5\xb3j\xa4\xb3F[k\xae\xe6m\xd9+\x90\xa0\x03\x91\xb8\x83\\8\xb8B8\xcaR\x82\xfd\xe4\xfe%\xe5\xdc\xeb\xc1\xb7,=ER^\xe4>\x17\xe7\xd8\xf9:\xcf\xe2g\xc7=\x11\xb1q\xa6\xd9\xdf\xa0\xfb\xc4\x00\x0f\xe1\x8d\x95\xdai\x9f\xb4\xb9\xb4!u_\x0b\xde\xc6\x01\xf9\xa4\x88\x92?\x00T\xff\x00:\x99`\xe0\xf5\xa5={0U\xda\xf8\xe3\xf3>\xc3\xf8\r\xfbY~\xc7v\x17\xb7\x12x\xa6\xd2\xe9^U\x0b\x14WVI4)\xfd\xe2p\xccr{\x1d\xbcV\xaf\x8f5\xef\xd9k\xe2\x97\x88d\xb8\xd0n4++Y>X\xadU\x84,@?x\xa4\x84\x1d\xcd\xdc\x0e\x07Ju \xe1AG\x93\xf7\x8bv(I\xca\xb3\x9f7\xb9\xd1\x1e\x1f\xe3\x1f\x85\xff\x00\x054\xc6""\xe7P\xb2\x85\xdb\x9d\xaa\xc1\x98\x022\x0b\x05\xce\xd0{\x13\x81^}\x0f\xec\xe7\xe0\xaf\x17[\x99t\x8dF\x1b\x85=<\xb6\x19\x1fQ\xd6\xb0S\xad\x08\xa9\xb5\xee\x9b\xde\x9c\x9f-\xfd\xe3\x89\xd6\xbfe_\x15Xd\xc1#5y\x86\xa7\xf0g\xe2\x16\x94\xc70;\x81\xdc\n\xd65\xd4\xbe%f\'\x0bj\x8e\x1e\xf3A\xf1n\x9a\xc7\xcd\xb4\x94c\xaf\x06\xb0\xe5\xbe\xbe\x80\xe1\xe3\x91O\xb8\xad\xd3\x8b\xd9\x92\xef\xd4\xf4/\x8c\xfe>\xf0\xdf\x8f> ^jz.\x8b\x1f\x84\xf4\xe9a\x85b\xd1\xa3!\xa2\x8ah\xe3\x0b+\x85P\xa8K\xbf<*\xf1\xda\xbcv]bK\x86S)B\x8b67\x8e\t\x18<`}9\xc5}\xadz\xf2\x82t\xf9\xae\x9e\xe8\xf9\x9eZu*\xaa\x89Z\xdb3\xbe\xf0\xf1\x87R\xd4\x02\xc2\xaawe\x93\'\x80\x14d\x13\xf58\xaf\xa8\xfe\x10\xfcm\xf1\xf7\xc0_\x10Z^\xe9\x97\xedfm\xecY\xee,\xe6\x8ft7PFN\xf8f^>Rw2\xb6C(\xfb\xa7&\xb6U\x14i\xc9\xdb\xf7rV~\x8c\x87C\xda\xca*O[\xe8\xfc\xcc\xbd\x07\xc4:\x87\x8a\x0e\xad\xe2}I@\xbb\xd7u\t\xf5\x1b\x94\x04\x95Ev%bB\xc4\x9d\x8a>T\xc9\'\x18\xae>\xde\xfa\xe5\xf3)\xe2i\x1d\x99\xe4\x04\xe4\xe7\xa0\xfdM|F.\xa3\x9dYI\xf5g\xd1P\x82\x858EtC\xf5\xd8\xb4o\x12h\x12Y^1\x85\xa4\x88\xa9\xbe\x91\xc9H\xf2r\x1d\xd4\x8e\x88y\xe0\x8e\x95\xf1e\xa4z\xa5\x9e\xa0\x15\x12u\xb8S\x84\xf2\xf3\xbb>\xaaG?\x88\xad0\xd2J-7b1\x10ri\xa5s\xee\x8f\xd93\xe0\x1f\xc4/\x16\xfcQ\xd2uK\xe0\xfan\x95\x15\xe2\xfd\xb6\xf6s\x89\x04R|\x8c\xe9\xb8\x10\x1c\x03\x90[\x18\xc6k\xf5\xfb\xf6\xe5\xbe\xf06\x89\xf0\xbf\xc3Z7\x87\x85\x88\xb1\xd45\x17\xb9\xdfh\xca\xf1\xc8\x96I\xe4\x80]I\xdd\xf3Hrrr\xe0\x93\xceh\x8dj\x15\xfd\xb5J~\xf3\xa6\xac\xdf\xdf\xb1\x9dJu\xa9J\x8d9\xbeX\xcd\xde\xc7\xe7%\x9d\xb8`>V\x039\xce2\x08\'9?\xae+\x7fK\xd1-\xefg!\xa2I\x0b|\xa9\x1e\x01$\x9e\x00\x1f\xca\xb9\xdbR\x92\xba\xb1\xae\xa96\x99\xf5\xcf\xc4\xab\x1bm#\xe1\x0e\x9f\xe0{\xff\x00\x07iV%\xed\x83\xbd\xdc\xeb\x14\xb7\x8c\xa5\xcb\xbc\x91\xe5s\x0e\xf6\xcf9\xce8\x15\xf9\xe1\xe2\x7f\x83\xde\x00\xff\x00\x84\x96(t\x9d9~\xd9\xf2F\x90+\x10\xa6c\x85M\xc38,\xdc3g \x16\x1c\x11]\x13\x9b\x8aw\xd21Z\x9c\xe9\xfb\xbak:\x8fG\xe6\xcf\xd3\xff\x00\x80\xdf\xb0\x97\xc2{m\n\x19<Mo\xfd\xbd\xa82\xee\x98H\xef\xf6X\xd8\xf3\xb2(\x81\x03\x03\xd5\xb2Oz_\x8f\xff\x00\xb2\x17\x84\xbc+\xe1\x9b\x9f\x10\xf8""\xcf\xfb\x13W\xd1\xd0\xdc\xb5\xb5\xbb\x11\r\xcc(3""\x14$\x81 \x1c\xa9\x1fx\x8c\x1e\xbcy\xca\xadI\xa8\xd4\x9b\xf7d\xf5]\x12;\xdca\x16\xe9\xc5Y\xc5h\xfc\xcf\x81\xf4?\x8e\xff\x00\x1f\xf5\t\xa2\x8e\x0f\x0ei\xba\xf4r&\xf8\xe4\x81\xc4s\xc8\x83\xd4\x17\x03w\xa8\x0b\x9fj\xec\xee~>\xea\x9a\r\xa8\x97\xc5?\x0f<[\xa3B\xc0\x1f\xb6}\x99\xde\x02\xa7\xf8\x95\xdd#R=\xc3Wt\xf2|Da\x1a\xd0_\xbb\x96\xc7<s\n.N\x9c\xdd\xa6\xb7%\xd0~:\xfe\xcb\xfe.\x95\x85\xc6\xac\xbaq=\x05\xe5\xb4\x9c\xfa\x82b\x12\x01\x8f\xad}3\xe0\xbf\x84\xdf\xb0\xaf\xc4{\x1c]x\xcbE\x96\xean\x8b\x14\xcblc\'\xb6&PI\xfa\x8a\xca\x9d\x1eF\xd5m\rgVOZJ\xe7\xe2G\x8f\xac\xbe)\xf8\xa7D\xd3\xb5\x8dZ\xc5\xe1\xb6\xbe\x9eO\xb3\xeb\x0fn\xd0\xc3yq \x04\xc6g\x0b\xe5\xbb\x85PUF02q\xde\xbc\x82]+Q\xb2\x965\x94++\xb1\x08U\x83na\x8c\xe0)>\xbcz\xd7\xd4N\x95V\x94\xdbM.\x9dQ\xe1Bpn\xdf\x89\xd8x{^\xbe\xf0\xf6\xa2KDT\x85(\xe2E#h\xe3\x8cpEn\xdc\xf8\xc5\xeel\xafm\xe6\xf3\xa7k\xc8c\x89\'\xf3\x08X\x15X3\x9d\x84\x1d\xe5\x97(9\x18\xc9<\xd4U\x94\xdd?g~Y.\xfd\rh\xcb\x92J_\x14l\xff\x00\x13\xa3\xd6\xbe-]M\xa5\x8b\x0b\x0bh\xed\xad\x925\x8cH\xe7|\x85W\x18\xf4\x038\xe4s^S\xaak\xda\xfe\xa0\x85^\xf2\xe3\x18\xe5\x14\xed\\}\x17\x02\xbc\xd5\x87\xa7\x1dd\xb9\xa7\xd5\x9d2\xaf9h\x9f,Q\xcaK\r\xdd\xcb.d\x91\xca\xf27\x12q^\xcd\xe0\xff\x00\x1e\xcb\xa0\\\xc5<\xfa\\\x17\x12B\xb8\xde\x18\xa0ov\xe1\xb9\xac\xb1\x18e^\x1c\xaa\\\x9eh\xd6\x86%\xd0\x975\xb9\xae{\x96\xa3\xfbT\xfcJ\xbc\xd2Z\xc7O6\xba=\xbb\xa6\xc7kpL\xe5OP%bv\x9fuU#\xd6\xbc\xe7H\xf8\x85\xe2=1`\x8d\xae\xe6\xb8\xb7\x80\xb6\xcbi\x9d\x9e5\x0e\xdb\x9f\xcb\x04\xfc\x85\x89\xc9+\xd4\xf2sQ\x86\xc0\xd1\xc3R\x9d(\xdd\xb9\xfcR\xea\xc8\xc4\xe2\xea\xd7\xab\x1a\x92\xd3\x93\xe1]\x8f\xa4<%\xf1\x0fA\xd6V$vki\x9c\x85E\x90~\xec\x9f\xee\xab\xf4\xfad\n\xfa\x9b\xe0\xc6\x9b\x1c\xbe9\x82\xe6g\x8a+m)M\xf5\xd4\xf2D\xf3\xc6\x91\xc3\xf3\x8d\xf1\xa1\x04\x82\xd8\x03\x902z\xd75Jr\xa7R<\xce\xf1OsX\xd4U!\'\x1f\x8b\xb1\x1f\xc4\xdf\x89\xda\x8f\x895{\xfdgP\x944\xb21\x95\x80\xf9UQ@\t\x0ck\xb8\xe1T\x01\x81\x93\x93\xc9&\xbe#\xf0g\xc4\xef\rX\xf8\xde\xee\xebW\xd5\x13O\x97c}\x8aW\x86I\xe37\x19\x00\xeeX\xc1;H\'\x92@\xc5\x12\x8c\xea\xd3\xa9\xcb\xac\xa5\xb1<\xd0\x8e&\x8a\x9f\xc1\rY\xf6\xc7\xc2\xaf\xdas\xe1\x7f\x87\xbcA\x04\x93\xea\x0e.e\r\x14\xa3K\xb3\x9a\x04\x956\x92%\x9a)$(Xc%\xc6\t\x1d\xab\xdd<\x1b\xf1\xeb\xc27\xde""\xbb\xb7\xba\xf1&\x95\xfd\x9dr\xc4=\xe5\xf5\xed\xdcR\xb4L>h\xcc3\xa8\x85}\x08\xc8\x1e\xf5\xc0\xf0x\x98^V\xd3\xb1\xea}s\x0b7g\xa3\xee|\xab\xfb!\xd9\xf8sU\xbe[[\xdb\x89Vu\xd5\xee\xb4\xfd3P\x87k\xa0\x9c\xb8\x16\xd7$\x95o\x90\xbf\xde\xc68$\x82+\xef=\x0f\xe3\xd6\xb3\xe3M>\xff\x00K\xd4\xcd\xd3\xea:U\x84\xb7& \xc8 \xb9\x16\x8b\x99\x94F\x02\xed\x90*\xb3\x83\xc88#\x02\xbe\xe7\x05:\x7fW\xa7)\xfb\xd2\xa6\x93W\xe9w\xaf\xf9\x9f3\x88\xa7)\xd5\x92\x8e\x9c\xcd\xa7\xe7c\xca<g{\xf0g\xe2/\x84d\xf1\r\xfe\x8fk\xacE\r\xc2Z\xeaKse\x0b\xcfm$\x80\x98\xd8u\x06&\xda@pA\x07\x00\x8ek\xe3\xff\x00\x10\xfc;\xfd\x8f5\xe1\xbe;_\xec\x86r@\x9e9n!P\xe3\xaa\x84V1\x82=\x08\xafAR\xc2\xe2`\xfd\xbd$\x9c_+ks\x93\xfd\xa6\x84\xd7\xb2\xa8\xf5W\xf2>&\xf1\x0f\xc7\xef\x13\xf8\xa3\xc1\xde\x1b\xd0.\xe2\xb56\x1e\x19\x172Yl%ZG\x9dU\x01\x9c\xb1 \x98\xc2\xe11\xcf\'\xad|\xfd\x11\x89\xe7\xf9\x8b\x06\x07\x1c\x1c\xfeU\xe6\xd4\x9f4V\x96w\xe8tQ\xa6\xe9\xa6\xae\xe5\xeav3\xf8\xa6\xfa]9m\xd6\xeey@R\x92E!\xdf\x18\x04\xf0T>pq\xdcw\xe8k\x9e%\xb9\xcf\xf7\xb3Xb+J\xaf-\xe4\xe5e\xbb5\xa7ME\xb6\x95\xaeG\x01i$#\xd1y\xab\x10\xc7\xe63\xf7\xc7\x15\xc8lZ\x86\xd5c\x04\x9eI\xf4\xfeT\xe6\x90\xb3m\xe3\x19\xe4{Rb\xdc\xd2\x89\xd1\xb1\xd7\x8a\xd4\xb2F\xbb\xbbT\x1d\x07.}\x07r\x7f\xcfZ\x04\xfc\xce\xae\xf3P\xdb$PF@\x11`\xbe:d\xf4\x1f\x95}u\xf0C\xe2\x06\xa5q\xe1}KL,\x8e\xc5\xe2Y&l\x99|\x81\x96\x11+v]\xc3-\xf4Z\xe7\xc4G\x9a\x8b}Q\xa5\x07j\xcb\xb32~/x\xa6+-\'\xec\xe1\x87\x993\xf3\xcfE\x1d\x8f\xd4\xd7\xe7\xa7\x8c5H_W(\xbda\n7\xfa\x9eKg\xf3\xacp\xea\xf0L&\xdb\xc4>\xc9\x1b\xfe\x13\xf1\r\xd5\x9e\xb1\x0b\xc5qfw#\xa3\x19C\xfe\xefr\x91\x96\x1b\x97\xd7\x82\x0f\x15\xe9\xda\xa7\x8c\xe0\xb9\xb0D\x92K1\xbeP\xb3Il\xecN\xcc\x8c\xf0\xc3\x00\xfdX\xe6\xbaz0i\xf3l~\x9d\xfe\xc7\x9e.\xf8i\xa1xB\xe4]O\xa4\xd8:\xebFKA{o,\xcd\x1b0\xdc\x18\\\xc07\xa0\x07\xb9\xc0\xef_ci\x89\xf0\x86\xdf]\x93P\xb7\xba\xf0\x83\xde\\\xf9\xcb$\xb6\xda\xab\xc1\xe6\xb4\xe8Ra\x8b\xa2\xcaw+\x9c\x8e\x995\x82\xadV\x94ZR\x92MY\xbd\xd3Gu\x18S\xab\x059E9\\\xf1\xfdg\xc0\x1f\n\xfc\x1d\xe1\xbdj\xd9\xe4\xd5\xad\xad<Af\xb6\xd2:\\Z_\xc4\xa69\x92h\xe5\xb7x\xda<\xba\x94\x1f\x81""\xbe4\xf1\xa7\xc3\x0f\x87\x16\x1a\x05\xdai\xfe1\xb8\x9a\xe1\x9d&\x8a\x1b\xdb7\x87%\x03\r\x9edo(\xf9\x83q\xc62\x06p9\xaf^\x85l\xc2\xa5\xe7\nj\xa4&\xf5\x92\xd1\xfe\'5\\>\x1e).~Y%\xa2\xdc\xfc\xe2\xbb:\x1d\x9b2\xc9\x1a3\x81\x9d\xa06=\xb2z\x0f\xc6\xb9;\xb9\x141x\xd5#\xc7;W\x90G\xd4\xf3\x9f\xd2\xb5\xc4\xce\x9c_-?\x89n\xce*jOYlB%V\x95r{\xe7\xdf\xa7\xf5\xad)\x08\xd9\x9e\xe4f\xb8\x1b\xb9\xa9\xe8\xbf\x0b\xbe\x15x\xa7\xe2\x97\xdbSF\x92\xc6{\xf8\x06\xe5\xd2^a\x1d\xdc\xf1\xa8\xcb=\xb2\xbe\x11\xc2\x8c\x96\x01\xb7\x00\x0f\x1d2\x9a\xf7\xc2\x8f\x1bxNy\x16\xee\x04\x0e\x1b\x88\xe2\x969]\xc6\xe4P\xc8\xa8\xc4\x90L\x89\xb4u`\xe0\x80G5\\\xae\xd7\x13\x92\xbd\xba\x8e\xbd\xf0\x92\xf8v\x14\xfe\xd6\xbe\x86\xd2I#\xf3\x05\xa4 \xdc\\\x95$\xa8o\x97\x10\x82\x08*\xe8\xd2\x87R\x08e\x04b\xba\x1d\x12\xd3\xe1\xce\xb3\xa9Y\xce\x90\xbcv\xb6\xfa\x8d\xbbk\x8b#\xc8\x82;\x0f0G,\x91D\x0b\x90\x84\xb0\xdeD\xcc\xe0\xfd\xd0\x06MN\x97\xb7P\xbb\xdc\xf4/\x8c_\xb3\xef\x8a~\x17\xea\x93\xfd\xae+]>E\xd2 \xd5d\xd1\x9em\xf7\x16\xf6\x93\xb8\x85\x8aI\x83\x14\xab\x1c\xe7\xcbUY\x1aR\xa43/\r\x8f\t\x83QM/Ki_\xe6\x92f\xe0w*\x0f\x00}O\xf4\xa5 N\xe4\x16\x97m2\xb4\xaeH/\xcbn=;\x9c\x9a\xfa\xcf\xf6e\xf8\x85c\xe0K\xdd~\xeau\x89\xa3}\r\x99\x16u\xf9Ze\x960\xb8B9 1\xe0\xe3\x8a\xce\xb5\xfd\x94\x9a\xd5\xd8\xa8$\xeaE7d\xde\xe7\xce_\x12\xbe!\xcf\xe3\x1f\x13\xcdq\x90\x88\xef\xfb\xb4\x00(\x03<\x9d\xaa\x00\x1e\xbcq_?\xcf\xfe\x99\xab\x16\x97*\xb2Hw\x1f@O_\xc2\xb0\xa7\x17\x1ak\xf9\xach\xb9]YIi\x16\xf4\xf4=gA\xf8-\xf1\x07W\xb8\x8d\xec\xed>\xd1\x1bc\xca\x9f !\x07\xa6I\xeb\xf8f\xbb\x0f\x8a_\t\xf5\x0f\x02\xff\x00fY]\xeaQ\xbe\xafq\x13\xcf}o\x1e\x05\xbd\xb4d\x8f*0p2\xe4\x86.x\x00c\x8a\xe7\x8e6\x15+F\x8c5\x93\xf8\xbc\x8e\xca\xb8YS\xa5*\xb3~\xea\xdb\xcc\xf4/\x81\x1e4\xd3\xfc7u{k\xac\xddE\r\xbc\x80H\x92\x8f\xde\x01 \xe3\x04\x0c\xe7<\xf3\xcd}Y\xa1x\xa7\xc2\xfa\xa2;[\xeaV\xa4\x82I\xc0\xda@\xc7\x03\n7\x0c\xf4\x07\x1dk\xe8pR\x82\x8a\xf7o?\xc4\xe3\xa4\xd3\x83\x83\x95\xb5\xd8\xc6\xd4\xfcS\xa7\xbc\xf2)t \x1ew1?\xcf5\xc3\xdek\xfaz\xc8\xfb#B\x08\x1fpq\xdf\xd0W\xafed\xeeF\x81\xe3\x1f\x80>\n\xba\xd0^+\x0bqe|\x88M\xb4\xea\xc7kI\xd9&\x04\x9c\x86\xfe\xf7P\x7f*\xfc\xf8\xd4!\xb8\xd3.d\x8adh\xd9$)""\x11\x82\x8c8 \xfaW\xc6\xe11N\xb4\xaaA\xbb\xf2\xbd=\x0e\xfcv\x19Qp\x94U\x94\xb7\xf5(\xbb\xa9\xb9\x88\xfdA\xf7\xadY\x9b1g9\xae\xdb\x9e{\xdc\xeb~\x19\xf8\xbe\xfb\xc0\xba\xe4z\x9d\xb2\x86\x9a\x1f5\x078!e\x8d\xa3f\x8d\xb9\xdb""\x86\xca?;X\x03\x83\xd2\xbe\xed\xf8e\xf1\x9b\xc3\xbe.\xf8\x86\x9a\x96\xb4\xd3""\xea\x17\xcbo\xe1\xf5x-\x9a;[\xc8\xe5I\xe1\xb7\xdds!\x8a\x1b(\x98\xc6nfo\x98\xae\xcf-\x14\x865jVV""q\xd6\xe7M\xe2\x7f\x82\x1f\x00g\xd2<Y\xe2p\xab{\xa4\xd8\xeaW\x9al\x92\xd9\xdf\xc7nm\xaf\xa2\'m\xe5\xb5\xa4\x81\xbc\xd8\xe5vQ\x0c+!\x059U\xe8+\xe0\xa8\xad\xd6\xc7\xe2[Z\xc1g-\x84R\xdc\x1bYl\xe4$\xc9\x0c3\'\x950\x90\xb1%X+\x16!\x8eP\xf5\xe9I\xdbKn\x11m\xde\xe7\xaf\xfc]\xfd\xa85\xef\x8c^\x07\xf0\xf6\x9f\x7f\xa7C\x1e\xaf\xa4\xe9gM\xbc\xd6\xc4\x85\xa4\xbe\xb6\xf3#x\xd5\xe3 l`cR\xed\x96,\xc5\x88\xc0$W\xcc\xabr.\xee\x03\xb9!\x10m\x8d:\x9c\x0f\xebS\xbb-+#b\x08d\x9aA\x9e6\x9c\xed\xea\xab\xeeGv\x1f\x90\xad\x8b\xeb\xd9,t\xd7\xd8\xfb|\xd7\x11\xc8\xcd\xfcJy \x93\xc7Q\x9f\xd0P\xd5\xd3O\xa97\xd5w9\xc8\xa7\xb3\xf9\xd2@\x0bd\x1c\x9e\xa3\x8c\x1f\xd6\x9d6\x82&\x0b%\xb9\x81\x9b\x18d|\x8d\xdd\xc1R8\x07\xebSa\xea\x99\xf7\xaf\xeco\xf1\xaf\xc1>\x19\xd5\x17\xc3>+D\xd3\xd2\xe6B4\xadN\xe0\x85\x829\x0f\xfc\xb0\x9a_\xbb\xb1\xbf\x82BF\x0f\x07\x8cc\xce\xbfjmKL\xd4>5k\x11Y\xacn\x96\xb2\xad\xb4\x05NF""Q\xe68#\xae\\\xb1\x07\xbdy\xb4\xb0\xaa\x96>u-\xee\xc9]\x1d\xf5q2\xa9\x83\x84/\xaavg\x89xz\xcbJ\xb8\xb9ax\xf2|\xe4\xab\xcc\x80\x16F\x1d\x0b\xa9\xfb\xd8\xfa\x82Gz\xd2\xd5\x8d\xc7\x87\xa7\x8c\xc7 \xcb\x12-\xee!$\x13\xee\x08\xc7>\xa0\xff\x00*\xf4\x94\xa5\x19+;vg\x9a\xae\xd9\xf6\xff\x00\xc2\x1d\'\xc2\x1f\x14\xb4\x14\xd4U<\x9b\xe8\xd8\xa5\xec\x01\xb7*\xbf\x18eW\xde\n\xb7PH\xf5\x19\xe0\xd7C\xaa\xfe\xce\x96\xd7\xd7\x12\xcf\x1e\xa1""ob\xdeJ\xb6>\xf1\xe8\x14\x15\n\x07`\x01\xaf""\xb6q\x99\xd3\xafR\x9c\xa7\xf0\xbb+v\xf4>\xe3\x0b\x96e\xd5\xb0\x94\xaa\xa8_\x9d]\xdf{\xf5\xd4\xf2\x9f\x1b|D\xd3\xb4\x1d.K\xa9X\x95\x8b\xe6\n\xbc\xb3\x11\xd9E~qx\xd3\xc7m\xe3O\x13\\\xde\xc9\x02@\xb7\x07\x01\x17\xaf\x03\x1b\x98\xf7\'\xbdFYJI\xba\xcf\xd3\xd4\xf1\xb3:\xb1iR[\xef\xe8rV\xae\xdfk@NWw\x02\xbaY7la\xd7#\xa5{kc\xc5{\x91\xe9R0\x8d\xc7_\x9c\xf1_c\xf8\x1e\x7f\x86?\x0f|\'cc\xe3\x1d\x1e\xe2\xf1\xb5e\xfe\xd3\xb6\x90q\x12\xda\xdc/\x96\xb1\x97Q\xe6y\x9bTJ\x866^J\xab0\xe7\x17\x1e\xec\x89\xde\xfanO\xe2?\x0f\xfc\x17\xf0\xdf\x83\xb4\xcf\x10xe\xb5]SY\x86\xf4O$\x0e\xe2\x0b;Xb\x98\xc7\r\xcc\x90J\xad<\xe9$\xa5T\x98\x9b``P\xb0n+\xc8\xee4\x1bo\x08\xc740\xcc\xb7\x9a\xc4\xa2H./bbm""\xb7\x91vJ\xb0+""\xbb\xcc\xc0\xb23\x9f\xdd\x85\'nI\x04\x0e\xdb\x896\xf7\xdc\xf3\rcH\xba\xd3d\x8aRKE\xe7\x00}A\xea3QiP\x91\x18\'%\xdb\xa9=\xbd\x87\xf5\xa9\xea]\xee\x8e\x9e\x08\xdc\x91\xc1T\x1dI\xef\x9e\xc3\xeb\xebQ\xeb\x01^\x08Q\x86~b\xc7\xf2\xc7\xf9\x14\xd9=Q\xccj6p\xc1\xa8[\xb2\xe3k)Lv\xce2+\xa5\xb1\x99\x00\x00\xf3\xcdAOTm\xde\x18.\xed\xd9\x0e\xc6F\xea\xae2\x0f\xd4\x7fZ\xcd\xf0\xf2\x8b\x03$@\x89@bc\x079D\xfe\xea\xe4\x93\x8f\xc6\x99\x1a\xa4mImm\xf6\xaf7f\xc7\x7f\x95\x99I\x04\xfad\x83Qk\xedz4#\xe5\xbe\xf8\xe2\x98H\xca\xc3%\x0fM\xc8G=q\x90s\xc5\r_\xe4\x0btv\xdf\x0b\xbe)k\xbf\x0fu\x03qd\xea\xf1N\x02\xdc\xdb\xbevJ\xa0\xe7\x07\x1c\x86\x1d\x8fl\xf45\xfaE\xa6\xf8\xc2\xcf\xc4\x1aE\xbd\xe5\xac\xaaa\xb8\x8f\xccP\xa4n\x19\xfb\xca\x7f\xdaS\xc3\x0e\xc6\xbc\x1c\xda\x8f,\xa3\x88\x8e\xf2\xd2G\xd8p\xee)\xce\x9dL$\xdf\xc1\xac=:\x9f\x97\xde+]kPF\x13L@#\xee\x8e\xde\xdf\xe4\xd7\xcdz\xa6\x9e\xf6\x97N\xa7\xb1\xeb^\x8e\x1a\xd1\\\xa8\xf0q\r\xcd\xf3\xbd\xca\xd6\xacV\xe26 \xe0\x1eq]d\x8eSc\x0eT\xf5\xfaWj\xd8\xe3\x90A\r\xd4\x17D\xa2\x99""\x93\x04\xfa\xa9\xaf\xa0t\x7f\x88\xf7\x83\xc3\x11X\\\x08\xc0\xb6\xb0\x92\xce\x014P\xdc\xa9\x8d\x9d\xee#p\xb3+l+6\xd5`\x0e\xd6\x8c\x83\xb4\x14\xc9\xd2.\xdb\x99\xcb]Q\x95\xa8kw\xb7\xd6\xb1\x05kx\x0cVF\xd4\x98\x14F\x8d\x17\x9a\xd3\xed1\xae\x10fF\xdd\x8c`\x10\x0e8\xcds\xb1K40\x0f.]\xf2cs\xb19\xde{\xf3\xed\xd0TI\xf5\xea$\x8eSY\xbc\x9a\xeeP\x92I\x82\xddW<!\xed\x9c\xf7\xefSC\x13[l\xe5\xc61\xb5\xba\x03\xef\x9f\xf2).\xe53\xa1\x8a\xe7x\x01\xd0\xc4\x7f\xbd\x81\xb4\xd7i\xe1\xdf\x85\x1f\x13>""o\x97F\xd1o\xf5\x18c\xf9L\x90\xa1+\xb8uP{\x9fP3SV\xa4)\xc7\x9a\xa3\xe5C\xa7Nu%h+\xb3\xcd>#\xf8[\xc5\xde\x08\xbd\x8e\xdbV\xd3\xaf\xf4\xcb\x94\x90\x11\x05\xd4/\x0c\x84`\x8d\xc1\\\x02G\xb8\xe2\xb98\xb5Y7\x00\t\xdcz\x01III&\x9d\xd3\xeaS\x8bZKF\x87\\\xeb\xf7\xd6\xe4\xac\x9e^=\x8f?\xa7z.\xff\x00\xb5\xac\x9a+\x9c7\x94\xea\x0e\xe59\xc6Fv\xb7u>\xc7\x8fz\xa1[\xf17\xad\xb5\xab\xfb\x82\t\x91x?prA\x1e\xb5\xdei\xf3\x1b\xb4xe\xfb\x93!F>\xcd\xc6i\x92\xd7\xde}\xcd\xf0\x83\xf6*\xd0\xbc}\xe1(\xa5}F\xe2)\xe6\x887\x98\x9d\x98\x8c\xf4\xac[\x9f\x85\x7f\x13\xff\x00g?\x1c\xda\xf8v\xfe\x7f\xb7\xe8\xfa\xf4\x8et}eQ\x99a\x9e1\xb9\xe1\xb9P2\x9b\x94}\xeeA\x1c\xf65\xe1W\xad*\xf0\xa9J\xa3\xb5\xf5O\xb3G\xd1\xe0\xe3\x0c6&\x95Zq\xd6\xf6\x97\x9ag\xe54\x9e(\xf14\xa7\xe6\xd4o\x9b\xeb3\x9f\xebY\xd3j\x17\xf7\r\x99\'\x99\xcf\xab1\'\xf5\xafaF+ec\xc4r\x93\xdd\x90\x8b\x8b\x85<;\x8f\xa15 \xbd\xbdQ\xc4\xd2\x8f\xa3\x1a\xab\xbe\xe4\x8f\xfe\xd2\xd4\x7f\xe7\xe2\x7f\xfb\xec\xff\x00\x8d;\xfbSS\xff\x00\x9f\x99\xff\x00\xef\xb6\xff\x00\x1a.\xfb\x8a\xcb\xb0\xd6\xd4u\x06\xeb<\xc7\xea\xc7\xfci\xe9\xabj\xb1\xae\x16\xe6\xe1G\xa0v\xc7\xf3\xa2\xecv]\x8a\xe6\xee\xec\xb6\xef6M\xd9\xcew\x1c\xe7\xd7\xebV\xdbZ\xd6\x1f\xad\xdd\xc9\xe3\x1c\xc8\xdd=:\xd2\xeb~\xa1\xd2\xdd\x06\x7fj\xea\x9c\x7f\xa4\xdcpr>v\xe0\xfa\x8ek\xb4\xd0>/|X\xf0\xa5\xbf\x95\xa5\xf8\xa3\xc4ZlA\x89\x11Z^\xcf\n\x02y\'\x08\xe0d\xf7\xa58\xc6\xa2\xb4\xd72\xf3\x1cd\xe0\xef\x07\xca\xdfTS\xf1o\xc4\xef\x89^>XF\xbb\xe2\x1dsZ\x16\xe4\x98\x05\xfd\xdc\xd7""""\xddL~k6\xd2{\xe3\xadrp\xea\x17\xf6\xccLs\xcd\x19<\x12\xacA\xc7\xe1BJ*\xd1V@\xdb\x93\xbc\xb5dmut\xe4\x16\x92BGBX\xf1\xf4\xa7\xa5\xfd\xf4g+4\xca}C\x1ab""\xfbM\xc6\xe2|\xc7\xc9\xearsWSZ\xd6""\xfb\xb7w+\xf4\x91\x87\xf5\xa2\xec,\x9e\xe7w\xa4\xfcl\xf8\xcd\xa0\xc2#\xb1\xf1w\x89\xec\xa3Q\x85\x8e\x0b\xfb\x88\xd4\x0f@\x15\xc0\x15>\xa7\xf1\xdb\xe3~\xb7\x12\xa5\xef\x8c\xbcUv\x8a\xdb\x95&\xd4ndP\xdd7\x00\xcep}\xeb7F\x8b\xde\x9a\x7f#EZ\xb4Z\x94f\xd3]nyU\x15\xa1\x98Q@\x05\x14\x00Q@\x05\x14\x00Q@\x05\x14\x00Q@\x05\x14\x00Q@\x1f\xff\xd9'"
